"","Water_Year","Region","Consumptive_Use_MAF","Date","Type"
"1",1971,"Lower Basin",5.92128,1971-01-01,"Evap"
"2",1971,"Mexico",1.283239,1971-01-01,"Evap"
"3",1971,"Upper Basin",3.35468374591664,1971-01-01,"Evap"
"4",1972,"Lower Basin",7.535915,1972-01-01,"Evap"
"5",1972,"Mexico",1.600485,1972-01-01,"Evap"
"6",1972,"Upper Basin",3.72222181541539,1972-01-01,"Evap"
"7",1973,"Lower Basin",7.232461,1973-01-01,"Evap"
"8",1973,"Mexico",1.593723,1973-01-01,"Evap"
"9",1973,"Upper Basin",3.66655538243294,1973-01-01,"Evap"
"10",1974,"Lower Basin",7.825395,1974-01-01,"Evap"
"11",1974,"Mexico",1.720496,1974-01-01,"Evap"
"12",1974,"Upper Basin",4.00938068976956,1974-01-01,"Evap"
"13",1975,"Lower Basin",7.269294,1975-01-01,"Evap"
"14",1975,"Mexico",1.655579,1975-01-01,"Evap"
"15",1975,"Upper Basin",3.87174891168183,1975-01-01,"Evap"
"16",1976,"Lower Basin",7.087646,1976-01-01,"Evap"
"17",1976,"Mexico",1.748916,1976-01-01,"Evap"
"18",1976,"Upper Basin",3.73999694332633,1976-01-01,"Evap"
"19",1977,"Lower Basin",7.057614,1977-01-01,"Evap"
"20",1977,"Mexico",1.833044,1977-01-01,"Evap"
"21",1977,"Upper Basin",3.16131257701435,1977-01-01,"Evap"
"22",1978,"Lower Basin",6.814015,1978-01-01,"Evap"
"23",1978,"Mexico",1.744496,1978-01-01,"Evap"
"24",1978,"Upper Basin",3.96259753315123,1978-01-01,"Evap"
"25",1979,"Lower Basin",6.727702,1979-01-01,"Evap"
"26",1979,"Mexico",2.766462,1979-01-01,"Evap"
"27",1979,"Upper Basin",4.0869136036406,1979-01-01,"Evap"
"28",1980,"Lower Basin",6.915728,1980-01-01,"Evap"
"29",1980,"Mexico",6.140261,1980-01-01,"Evap"
"30",1980,"Upper Basin",4.06628625789362,1980-01-01,"Evap"
"31",1981,"Lower Basin",7.319518,1981-01-01,"Evap"
"32",1981,"Mexico",3.865603,1981-01-01,"Evap"
"33",1981,"Upper Basin",4.12073195169687,1981-01-01,"Evap"
"34",1982,"Lower Basin",6.669748,1982-01-01,"Evap"
"35",1982,"Mexico",1.670553,1982-01-01,"Evap"
"36",1982,"Upper Basin",4.17208463048934,1982-01-01,"Evap"
"37",1983,"Lower Basin",6.096403,1983-01-01,"Evap"
"38",1983,"Mexico",9.615858,1983-01-01,"Evap"
"39",1983,"Upper Basin",4.03681873707523,1983-01-01,"Evap"
"40",1984,"Lower Basin",6.939114,1984-01-01,"Evap"
"41",1984,"Mexico",16.803519,1984-01-01,"Evap"
"42",1984,"Upper Basin",4.06267124703314,1984-01-01,"Evap"
"43",1985,"Lower Basin",7.033501,1985-01-01,"Evap"
"44",1985,"Mexico",13.265054,1985-01-01,"Evap"
"45",1985,"Upper Basin",4.24467633170848,1985-01-01,"Evap"
"46",1986,"Lower Basin",7.179004,1986-01-01,"Evap"
"47",1986,"Mexico",11.00872,1986-01-01,"Evap"
"48",1986,"Upper Basin",4.22516503338224,1986-01-01,"Evap"
"49",1987,"Lower Basin",7.583696,1987-01-01,"Evap"
"50",1987,"Mexico",6.375973,1987-01-01,"Evap"
"51",1987,"Upper Basin",4.25982249433771,1987-01-01,"Evap"
"52",1988,"Lower Basin",7.737254,1988-01-01,"Evap"
"53",1988,"Mexico",2.903058,1988-01-01,"Evap"
"54",1988,"Upper Basin",4.5993502762675,1988-01-01,"Evap"
"55",1989,"Lower Basin",8.336524,1989-01-01,"Evap"
"56",1989,"Mexico",1.809865,1989-01-01,"Evap"
"57",1989,"Upper Basin",4.7568781025894,1989-01-01,"Evap"
"58",1990,"Lower Basin",8.415678,1990-01-01,"Evap"
"59",1990,"Mexico",1.659179,1990-01-01,"Evap"
"60",1990,"Upper Basin",4.51090624318271,1990-01-01,"Evap"
"61",1991,"Lower Basin",7.931633,1991-01-01,"Evap"
"62",1991,"Mexico",1.672878,1991-01-01,"Evap"
"63",1991,"Upper Basin",4.02833608483495,1991-01-01,"Evap"
"64",1992,"Lower Basin",7.336031,1992-01-01,"Evap"
"65",1992,"Mexico",1.655046,1992-01-01,"Evap"
"66",1992,"Upper Basin",3.94947391115685,1992-01-01,"Evap"
"67",1993,"Lower Basin",7.809077,1993-01-01,"Evap"
"68",1993,"Mexico",4.965016,1993-01-01,"Evap"
"69",1993,"Upper Basin",4.16067196817805,1993-01-01,"Evap"
"70",1994,"Lower Basin",8.542575,1994-01-01,"Evap"
"71",1994,"Mexico",1.948616,1994-01-01,"Evap"
"72",1994,"Upper Basin",4.41564317304685,1994-01-01,"Evap"
"73",1995,"Lower Basin",8.126477,1995-01-01,"Evap"
"74",1995,"Mexico",1.825064,1995-01-01,"Evap"
"75",1995,"Upper Basin",3.76018802111265,1995-01-01,"Evap"
"76",1996,"Lower Basin",9.203494,1996-01-01,"Evap"
"77",1996,"Mexico",1.72196,1996-01-01,"Evap"
"78",1996,"Upper Basin",4.6792976524271,1996-01-01,"Evap"
"79",1997,"Lower Basin",9.048625,1997-01-01,"Evap"
"80",1997,"Mexico",2.735432,1997-01-01,"Evap"
"81",1997,"Upper Basin",3.9877346708863,1997-01-01,"Evap"
"82",1998,"Lower Basin",8.78651,1998-01-01,"Evap"
"83",1998,"Mexico",3.871075,1998-01-01,"Evap"
"84",1998,"Upper Basin",4.31131375635934,1998-01-01,"Evap"
"85",1999,"Lower Basin",8.995082,1999-01-01,"Evap"
"86",1999,"Mexico",3.47111,1999-01-01,"Evap"
"87",1999,"Upper Basin",4.14040197154373,1999-01-01,"Evap"
"88",2000,"Lower Basin",9.470463,2000-01-01,"Evap"
"89",2000,"Mexico",2.512892,2000-01-01,"Evap"
"90",2000,"Upper Basin",5.07536272769445,2000-01-01,"Evap"
"91",2001,"Lower Basin",9.251248,2001-01-01,"Evap"
"92",2001,"Mexico",1.995159,2001-01-01,"Evap"
"93",2001,"Upper Basin",4.77615300331773,2001-01-01,"Evap"
"94",2002,"Lower Basin",9.604851,2002-01-01,"Evap"
"95",2002,"Mexico",1.738629,2002-01-01,"Evap"
"96",2002,"Upper Basin",4.22172060334788,2002-01-01,"Evap"
"97",2003,"Lower Basin",8.35214,2003-01-01,"Evap"
"98",2003,"Mexico",1.701521,2003-01-01,"Evap"
"99",2003,"Upper Basin",4.07853742441954,2003-01-01,"Evap"
"100",2004,"Lower Basin",8.577567,2004-01-01,"Evap"
"101",2004,"Mexico",1.643276,2004-01-01,"Evap"
"102",2004,"Upper Basin",4.14468230467498,2004-01-01,"Evap"
"103",2005,"Lower Basin",7.641654,2005-01-01,"Evap"
"104",2005,"Mexico",1.756361,2005-01-01,"Evap"
"105",2005,"Upper Basin",4.24667038520488,2005-01-01,"Evap"
"106",2006,"Lower Basin",8.331219,2006-01-01,"Evap"
"107",2006,"Mexico",1.654773,2006-01-01,"Evap"
"108",2006,"Upper Basin",4.3452093877263,2006-01-01,"Evap"
"109",2007,"Lower Basin",8.425658,2007-01-01,"Evap"
"110",2007,"Mexico",1.619707,2007-01-01,"Evap"
"111",2007,"Upper Basin",4.25652069020038,2007-01-01,"Evap"
"112",2008,"Lower Basin",8.348695,2008-01-01,"Evap"
"113",2008,"Mexico",1.673419,2008-01-01,"Evap"
"114",2008,"Upper Basin",4.50173933304918,2008-01-01,"Evap"
"115",2009,"Lower Basin",8.142175,2009-01-01,"Evap"
"116",2009,"Mexico",1.706675,2009-01-01,"Evap"
"117",2009,"Upper Basin",4.50452156677445,2009-01-01,"Evap"
"118",2010,"Lower Basin",7.990274,2010-01-01,"Evap"
"119",2010,"Mexico",1.728331,2010-01-01,"Evap"
"120",2010,"Upper Basin",4.46762883805718,2010-01-01,"Evap"
"121",2011,"Lower Basin",8.443166,2011-01-01,"Evap"
"122",2011,"Mexico",1.76172,2011-01-01,"Evap"
"123",2011,"Upper Basin",4.38345058888816,2011-01-01,"Evap"
"124",2012,"Lower Basin",8.414498,2012-01-01,"Evap"
"125",2012,"Mexico",1.557446,2012-01-01,"Evap"
"126",2012,"Upper Basin",4.5477633110784,2012-01-01,"Evap"
"127",2013,"Lower Basin",7.942009,2013-01-01,"Evap"
"128",2013,"Mexico",1.607507,2013-01-01,"Evap"
"129",2013,"Upper Basin",3.79612685829743,2013-01-01,"Evap"
"130",2014,"Lower Basin",8.50238,2014-01-01,"Evap"
"131",2014,"Mexico",1.721705,2014-01-01,"Evap"
"132",2014,"Upper Basin",3.81456230053908,2014-01-01,"Evap"
"133",2015,"Lower Basin",8.189098,2015-01-01,"Evap"
"134",2015,"Mexico",1.657207,2015-01-01,"Evap"
"135",2015,"Upper Basin",4.10750111317255,2015-01-01,"Evap"
"136",2016,"Lower Basin",8.111085,2016-01-01,"Evap"
"137",2016,"Mexico",1.645777,2016-01-01,"Evap"
"138",2016,"Upper Basin",4.17511638350297,2016-01-01,"Evap"
"139",2017,"Lower Basin",7.483239,2017-01-01,"Evap"
"140",2017,"Mexico",1.647206,2017-01-01,"Evap"
"141",2017,"Upper Basin",4.6090417459391,2017-01-01,"Evap"
"142",2018,"Lower Basin",8.055324,2018-01-01,"Evap"
"143",2018,"Mexico",1.616521,2018-01-01,"Evap"
"144",2018,"Upper Basin",4.8398067375919,2018-01-01,"Evap"
"145",2019,"Lower Basin",7.70248,2019-01-01,"Evap"
"146",2019,"Mexico",1.651878,2019-01-01,"Evap"
"147",2019,"Upper Basin",4.4350115012705,2019-01-01,"Evap"
"148",2020,"Lower Basin",7.138066,2020-01-01,"Evap"
"149",2020,"Mexico",1.642888,2020-01-01,"Evap"
"150",2020,"Upper Basin",4.79997185603944,2020-01-01,"Evap"
"151",2021,"Lower Basin",7.978393,2021-01-01,"Evap"
"152",2021,"Mexico",1.610556,2021-01-01,"Evap"
"153",2021,"Upper Basin",4.0902584902135,2021-01-01,"Evap"
"154",2022,"Lower Basin",7.57474,2022-01-01,"Evap"
"155",2022,"Mexico",1.610023,2022-01-01,"Evap"
"156",2022,"Upper Basin",4.06236596950601,2022-01-01,"Evap"
"157",2023,"Lower Basin",6.693784,2023-01-01,"Evap"
"158",2023,"Mexico",1.570136,2023-01-01,"Evap"
"159",2023,"Upper Basin",4.64749001968641,2023-01-01,"Evap"
"160",2024,"Lower Basin",6.628925,2024-01-01,"Evap"
"161",2024,"Mexico",1.47305,2024-01-01,"Evap"
"162",2024,"Upper Basin",4.46368296291903,2024-01-01,"Evap"
"163",1971,"Lower Basin",5.196175,1971-01-01,"No Evap"
"164",1971,"Mexico",1.283239,1971-01-01,"No Evap"
"165",1971,"Upper Basin",3.35468374591664,1971-01-01,"No Evap"
"166",1972,"Lower Basin",6.539749,1972-01-01,"No Evap"
"167",1972,"Mexico",1.600485,1972-01-01,"No Evap"
"168",1972,"Upper Basin",3.72222181541539,1972-01-01,"No Evap"
"169",1973,"Lower Basin",6.209725,1973-01-01,"No Evap"
"170",1973,"Mexico",1.593723,1973-01-01,"No Evap"
"171",1973,"Upper Basin",3.66655538243294,1973-01-01,"No Evap"
"172",1974,"Lower Basin",6.75231,1974-01-01,"No Evap"
"173",1974,"Mexico",1.720496,1974-01-01,"No Evap"
"174",1974,"Upper Basin",4.00938068976956,1974-01-01,"No Evap"
"175",1975,"Lower Basin",6.225216,1975-01-01,"No Evap"
"176",1975,"Mexico",1.655579,1975-01-01,"No Evap"
"177",1975,"Upper Basin",3.87174891168183,1975-01-01,"No Evap"
"178",1976,"Lower Basin",6.042308,1976-01-01,"No Evap"
"179",1976,"Mexico",1.748916,1976-01-01,"No Evap"
"180",1976,"Upper Basin",3.73999694332633,1976-01-01,"No Evap"
"181",1977,"Lower Basin",5.980624,1977-01-01,"No Evap"
"182",1977,"Mexico",1.833044,1977-01-01,"No Evap"
"183",1977,"Upper Basin",3.16131257701435,1977-01-01,"No Evap"
"184",1978,"Lower Basin",5.795699,1978-01-01,"No Evap"
"185",1978,"Mexico",1.744496,1978-01-01,"No Evap"
"186",1978,"Upper Basin",3.96259753315123,1978-01-01,"No Evap"
"187",1979,"Lower Basin",5.669391,1979-01-01,"No Evap"
"188",1979,"Mexico",2.766462,1979-01-01,"No Evap"
"189",1979,"Upper Basin",4.0869136036406,1979-01-01,"No Evap"
"190",1980,"Lower Basin",5.830094,1980-01-01,"No Evap"
"191",1980,"Mexico",6.140261,1980-01-01,"No Evap"
"192",1980,"Upper Basin",4.06628625789362,1980-01-01,"No Evap"
"193",1981,"Lower Basin",6.184045,1981-01-01,"No Evap"
"194",1981,"Mexico",3.865603,1981-01-01,"No Evap"
"195",1981,"Upper Basin",4.12073195169687,1981-01-01,"No Evap"
"196",1982,"Lower Basin",5.551374,1982-01-01,"No Evap"
"197",1982,"Mexico",1.670553,1982-01-01,"No Evap"
"198",1982,"Upper Basin",4.17208463048934,1982-01-01,"No Evap"
"199",1983,"Lower Basin",4.960822,1983-01-01,"No Evap"
"200",1983,"Mexico",9.615858,1983-01-01,"No Evap"
"201",1983,"Upper Basin",4.03681873707523,1983-01-01,"No Evap"
"202",1984,"Lower Basin",5.789404,1984-01-01,"No Evap"
"203",1984,"Mexico",16.803519,1984-01-01,"No Evap"
"204",1984,"Upper Basin",4.06267124703314,1984-01-01,"No Evap"
"205",1985,"Lower Basin",5.876965,1985-01-01,"No Evap"
"206",1985,"Mexico",13.265054,1985-01-01,"No Evap"
"207",1985,"Upper Basin",4.24467633170848,1985-01-01,"No Evap"
"208",1986,"Lower Basin",6.001006,1986-01-01,"No Evap"
"209",1986,"Mexico",11.00872,1986-01-01,"No Evap"
"210",1986,"Upper Basin",4.22516503338224,1986-01-01,"No Evap"
"211",1987,"Lower Basin",6.406412,1987-01-01,"No Evap"
"212",1987,"Mexico",6.375973,1987-01-01,"No Evap"
"213",1987,"Upper Basin",4.25982249433771,1987-01-01,"No Evap"
"214",1988,"Lower Basin",6.615074,1988-01-01,"No Evap"
"215",1988,"Mexico",2.903058,1988-01-01,"No Evap"
"216",1988,"Upper Basin",4.5993502762675,1988-01-01,"No Evap"
"217",1989,"Lower Basin",7.172345,1989-01-01,"No Evap"
"218",1989,"Mexico",1.809865,1989-01-01,"No Evap"
"219",1989,"Upper Basin",4.7568781025894,1989-01-01,"No Evap"
"220",1990,"Lower Basin",7.328434,1990-01-01,"No Evap"
"221",1990,"Mexico",1.659179,1990-01-01,"No Evap"
"222",1990,"Upper Basin",4.51090624318271,1990-01-01,"No Evap"
"223",1991,"Lower Basin",6.882324,1991-01-01,"No Evap"
"224",1991,"Mexico",1.672878,1991-01-01,"No Evap"
"225",1991,"Upper Basin",4.02833608483495,1991-01-01,"No Evap"
"226",1992,"Lower Basin",6.343324,1992-01-01,"No Evap"
"227",1992,"Mexico",1.655046,1992-01-01,"No Evap"
"228",1992,"Upper Basin",3.94947391115685,1992-01-01,"No Evap"
"229",1993,"Lower Basin",6.797276,1993-01-01,"No Evap"
"230",1993,"Mexico",4.965016,1993-01-01,"No Evap"
"231",1993,"Upper Basin",4.16067196817805,1993-01-01,"No Evap"
"232",1994,"Lower Basin",7.427709,1994-01-01,"No Evap"
"233",1994,"Mexico",1.948616,1994-01-01,"No Evap"
"234",1994,"Upper Basin",4.41564317304685,1994-01-01,"No Evap"
"235",1995,"Lower Basin",7.082335,1995-01-01,"No Evap"
"236",1995,"Mexico",1.825064,1995-01-01,"No Evap"
"237",1995,"Upper Basin",3.76018802111265,1995-01-01,"No Evap"
"238",1996,"Lower Basin",8.03897,1996-01-01,"No Evap"
"239",1996,"Mexico",1.72196,1996-01-01,"No Evap"
"240",1996,"Upper Basin",4.6792976524271,1996-01-01,"No Evap"
"241",1997,"Lower Basin",7.912449,1997-01-01,"No Evap"
"242",1997,"Mexico",2.735432,1997-01-01,"No Evap"
"243",1997,"Upper Basin",3.9877346708863,1997-01-01,"No Evap"
"244",1998,"Lower Basin",7.643204,1998-01-01,"No Evap"
"245",1998,"Mexico",3.871075,1998-01-01,"No Evap"
"246",1998,"Upper Basin",4.31131375635934,1998-01-01,"No Evap"
"247",1999,"Lower Basin",7.802942,1999-01-01,"No Evap"
"248",1999,"Mexico",3.47111,1999-01-01,"No Evap"
"249",1999,"Upper Basin",4.14040197154373,1999-01-01,"No Evap"
"250",2000,"Lower Basin",8.257569,2000-01-01,"No Evap"
"251",2000,"Mexico",2.512892,2000-01-01,"No Evap"
"252",2000,"Upper Basin",5.07536272769445,2000-01-01,"No Evap"
"253",2001,"Lower Basin",8.152803,2001-01-01,"No Evap"
"254",2001,"Mexico",1.995159,2001-01-01,"No Evap"
"255",2001,"Upper Basin",4.77615300331773,2001-01-01,"No Evap"
"256",2002,"Lower Basin",8.528205,2002-01-01,"No Evap"
"257",2002,"Mexico",1.738629,2002-01-01,"No Evap"
"258",2002,"Upper Basin",4.22172060334788,2002-01-01,"No Evap"
"259",2003,"Lower Basin",7.407797,2003-01-01,"No Evap"
"260",2003,"Mexico",1.701521,2003-01-01,"No Evap"
"261",2003,"Upper Basin",4.07853742441954,2003-01-01,"No Evap"
"262",2004,"Lower Basin",7.675382,2004-01-01,"No Evap"
"263",2004,"Mexico",1.643276,2004-01-01,"No Evap"
"264",2004,"Upper Basin",4.14468230467498,2004-01-01,"No Evap"
"265",2005,"Lower Basin",6.832873,2005-01-01,"No Evap"
"266",2005,"Mexico",1.756361,2005-01-01,"No Evap"
"267",2005,"Upper Basin",4.24667038520488,2005-01-01,"No Evap"
"268",2006,"Lower Basin",7.411036,2006-01-01,"No Evap"
"269",2006,"Mexico",1.654773,2006-01-01,"No Evap"
"270",2006,"Upper Basin",4.3452093877263,2006-01-01,"No Evap"
"271",2007,"Lower Basin",7.54531,2007-01-01,"No Evap"
"272",2007,"Mexico",1.619707,2007-01-01,"No Evap"
"273",2007,"Upper Basin",4.25652069020038,2007-01-01,"No Evap"
"274",2008,"Lower Basin",7.491468,2008-01-01,"No Evap"
"275",2008,"Mexico",1.673419,2008-01-01,"No Evap"
"276",2008,"Upper Basin",4.50173933304918,2008-01-01,"No Evap"
"277",2009,"Lower Basin",7.30714,2009-01-01,"No Evap"
"278",2009,"Mexico",1.706675,2009-01-01,"No Evap"
"279",2009,"Upper Basin",4.50452156677445,2009-01-01,"No Evap"
"280",2010,"Lower Basin",7.206668,2010-01-01,"No Evap"
"281",2010,"Mexico",1.728331,2010-01-01,"No Evap"
"282",2010,"Upper Basin",4.46762883805718,2010-01-01,"No Evap"
"283",2011,"Lower Basin",7.627669,2011-01-01,"No Evap"
"284",2011,"Mexico",1.76172,2011-01-01,"No Evap"
"285",2011,"Upper Basin",4.38345058888816,2011-01-01,"No Evap"
"286",2012,"Lower Basin",7.536025,2012-01-01,"No Evap"
"287",2012,"Mexico",1.557446,2012-01-01,"No Evap"
"288",2012,"Upper Basin",4.5477633110784,2012-01-01,"No Evap"
"289",2013,"Lower Basin",7.0944,2013-01-01,"No Evap"
"290",2013,"Mexico",1.607507,2013-01-01,"No Evap"
"291",2013,"Upper Basin",3.79612685829743,2013-01-01,"No Evap"
"292",2014,"Lower Basin",7.693896,2014-01-01,"No Evap"
"293",2014,"Mexico",1.721705,2014-01-01,"No Evap"
"294",2014,"Upper Basin",3.81456230053908,2014-01-01,"No Evap"
"295",2015,"Lower Basin",7.396156,2015-01-01,"No Evap"
"296",2015,"Mexico",1.657207,2015-01-01,"No Evap"
"297",2015,"Upper Basin",4.10750111317255,2015-01-01,"No Evap"
"298",2016,"Lower Basin",7.337483,2016-01-01,"No Evap"
"299",2016,"Mexico",1.645777,2016-01-01,"No Evap"
"300",2016,"Upper Basin",4.17511638350297,2016-01-01,"No Evap"
"301",2017,"Lower Basin",6.700985,2017-01-01,"No Evap"
"302",2017,"Mexico",1.647206,2017-01-01,"No Evap"
"303",2017,"Upper Basin",4.6090417459391,2017-01-01,"No Evap"
"304",2018,"Lower Basin",7.246391,2018-01-01,"No Evap"
"305",2018,"Mexico",1.616521,2018-01-01,"No Evap"
"306",2018,"Upper Basin",4.8398067375919,2018-01-01,"No Evap"
"307",2019,"Lower Basin",6.9233,2019-01-01,"No Evap"
"308",2019,"Mexico",1.651878,2019-01-01,"No Evap"
"309",2019,"Upper Basin",4.4350115012705,2019-01-01,"No Evap"
"310",2020,"Lower Basin",6.350268,2020-01-01,"No Evap"
"311",2020,"Mexico",1.642888,2020-01-01,"No Evap"
"312",2020,"Upper Basin",4.79997185603944,2020-01-01,"No Evap"
"313",2021,"Lower Basin",7.173238,2021-01-01,"No Evap"
"314",2021,"Mexico",1.610556,2021-01-01,"No Evap"
"315",2021,"Upper Basin",4.0902584902135,2021-01-01,"No Evap"
"316",2022,"Lower Basin",6.826689,2022-01-01,"No Evap"
"317",2022,"Mexico",1.610023,2022-01-01,"No Evap"
"318",2022,"Upper Basin",4.06236596950601,2022-01-01,"No Evap"
"319",2023,"Lower Basin",5.982561,2023-01-01,"No Evap"
"320",2023,"Mexico",1.570136,2023-01-01,"No Evap"
"321",2023,"Upper Basin",4.64749001968641,2023-01-01,"No Evap"
"322",2024,"Lower Basin",5.852611,2024-01-01,"No Evap"
"323",2024,"Mexico",1.47305,2024-01-01,"No Evap"
"324",2024,"Upper Basin",4.46368296291903,2024-01-01,"No Evap"
