"","Basin","Drought_Level","Drought_Area_SqKm","Drought_Area_Percent"
"1","Upper Basin",0,0,0
"2","Upper Basin",1,33665.6273486326,11.4677043744713
"3","Upper Basin",2,156314.224857686,53.2461582144078
"4","Upper Basin",3,80066.5689120694,27.2735075765384
"5","Upper Basin",4,23522.340780821,8.01254191631699
"6","Lower Basin",0,48288.2719359857,11.3791886199672
"7","Lower Basin",1,156662.145086,36.9176205126063
"8","Lower Basin",2,137754.094455193,32.4619159297405
"9","Lower Basin",3,0,0
"10","Lower Basin",4,0,0
