"","Water_Year","State","Consumptive_Use_MAF","Date"
"1",1971,"Arizona",1.07582446871005,1971-01-01
"2",1971,"California",4.092327,1971-01-01
"3",1971,"Colorado",1.72664627465147,1971-01-01
"4",1971,"Lake Powell",0.2953216081958,1971-01-01
"5",1971,"Lower Basin Reservoirs",0.725105,1971-01-01
"6",1971,"Mexico",1.283239,1971-01-01
"7",1971,"Nevada",0.037836,1971-01-01
"8",1971,"NewMexico",0.174423183862805,1971-01-01
"9",1971,"Utah",0.793252467730757,1971-01-01
"10",1971,"Wyoming",0.355227742765767,1971-01-01
"11",1972,"Arizona",1.16128842011361,1972-01-01
"12",1972,"California",5.313503,1972-01-01
"13",1972,"Colorado",1.90961506593841,1972-01-01
"14",1972,"Lake Powell",0.3897104624375,1972-01-01
"15",1972,"Lower Basin Reservoirs",0.996166,1972-01-01
"16",1972,"Mexico",1.600485,1972-01-01
"17",1972,"Nevada",0.07702,1972-01-01
"18",1972,"NewMexico",0.188777413485747,1972-01-01
"19",1972,"Utah",0.866460518695861,1972-01-01
"20",1972,"Wyoming",0.355595934744257,1972-01-01
"21",1973,"Arizona",1.08175372031242,1973-01-01
"22",1973,"California",5.051243,1973-01-01
"23",1973,"Colorado",1.71101049555637,1973-01-01
"24",1973,"Lake Powell",0.4213033621044,1973-01-01
"25",1973,"Lower Basin Reservoirs",1.022736,1973-01-01
"26",1973,"Mexico",1.593723,1973-01-01
"27",1973,"Nevada",0.088321,1973-01-01
"28",1973,"NewMexico",0.328510444062498,1973-01-01
"29",1973,"Utah",0.846328990017098,1973-01-01
"30",1973,"Wyoming",0.347809370380157,1973-01-01
"31",1974,"Arizona",1.21362153596631,1974-01-01
"32",1974,"California",5.45675,1974-01-01
"33",1974,"Colorado",1.96638306953152,1974-01-01
"34",1974,"Lake Powell",0.5206781865457,1974-01-01
"35",1974,"Lower Basin Reservoirs",1.073085,1974-01-01
"36",1974,"Mexico",1.720496,1974-01-01
"37",1974,"Nevada",0.099395,1974-01-01
"38",1974,"NewMexico",0.203711975351412,1974-01-01
"39",1974,"Utah",0.886651644589553,1974-01-01
"40",1974,"Wyoming",0.414499277785059,1974-01-01
"41",1975,"Arizona",1.23349055008399,1975-01-01
"42",1975,"California",4.918663,1975-01-01
"43",1975,"Colorado",1.92887851382095,1975-01-01
"44",1975,"Lake Powell",0.5370851283289,1975-01-01
"45",1975,"Lower Basin Reservoirs",1.044078,1975-01-01
"46",1975,"Mexico",1.655579,1975-01-01
"47",1975,"Nevada",0.095178,1975-01-01
"48",1975,"NewMexico",0.294819688873728,1975-01-01
"49",1975,"Utah",0.758622560973458,1975-01-01
"50",1975,"Wyoming",0.330227469600813,1975-01-01
"51",1976,"Arizona",1.2017837350354,1976-01-01
"52",1976,"California",4.785824,1976-01-01
"53",1976,"Colorado",1.78893992006479,1976-01-01
"54",1976,"Lake Powell",0.5635581500587,1976-01-01
"55",1976,"Lower Basin Reservoirs",1.045338,1976-01-01
"56",1976,"Mexico",1.748916,1976-01-01
"57",1976,"Nevada",0.083275,1976-01-01
"58",1976,"NewMexico",0.286318435843288,1976-01-01
"59",1976,"Utah",0.750426539945549,1976-01-01
"60",1976,"Wyoming",0.3221791623786,1976-01-01
"61",1977,"Arizona",1.12694522064436,1977-01-01
"62",1977,"California",4.814108,1977-01-01
"63",1977,"Colorado",1.68653193078745,1977-01-01
"64",1977,"Lake Powell",0.5077964856325,1977-01-01
"65",1977,"Lower Basin Reservoirs",1.07699,1977-01-01
"66",1977,"Mexico",1.833044,1977-01-01
"67",1977,"Nevada",0.072853,1977-01-01
"68",1977,"NewMexico",0.220451122113372,1977-01-01
"69",1977,"Utah",0.483003132174073,1977-01-01
"70",1977,"Wyoming",0.230247685662597,1977-01-01
"71",1978,"Arizona",1.15474381584892,1978-01-01
"72",1978,"California",4.604149,1978-01-01
"73",1978,"Colorado",2.02044520101006,1978-01-01
"74",1978,"Lake Powell",0.4679863777323,1978-01-01
"75",1978,"Lower Basin Reservoirs",1.018316,1978-01-01
"76",1978,"Mexico",1.744496,1978-01-01
"77",1978,"Nevada",0.070137,1978-01-01
"78",1978,"NewMexico",0.324874947955467,1978-01-01
"79",1978,"Utah",0.758077939256328,1978-01-01
"80",1978,"Wyoming",0.357882251348152,1978-01-01
"81",1979,"Arizona",1.04995685248677,1979-01-01
"82",1979,"California",4.57353,1979-01-01
"83",1979,"Colorado",1.92922764452945,1979-01-01
"84",1979,"Lake Powell",0.5418088084839,1979-01-01
"85",1979,"Lower Basin Reservoirs",1.058311,1979-01-01
"86",1979,"Mexico",2.766462,1979-01-01
"87",1979,"Nevada",0.079628,1979-01-01
"88",1979,"NewMexico",0.41149850579883,1979-01-01
"89",1979,"Utah",0.812166420416042,1979-01-01
"90",1979,"Wyoming",0.358488371925604,1979-01-01
"91",1980,"Arizona",1.1069316338944,1980-01-01
"92",1980,"California",4.666101,1980-01-01
"93",1980,"Colorado",1.84069537622122,1980-01-01
"94",1980,"Lake Powell",0.6323430051335,1980-01-01
"95",1980,"Lower Basin Reservoirs",1.085634,1980-01-01
"96",1980,"Mexico",6.140261,1980-01-01
"97",1980,"Nevada",0.093381,1980-01-01
"98",1980,"NewMexico",0.422717414721209,1980-01-01
"99",1980,"Utah",0.778288130504153,1980-01-01
"100",1980,"Wyoming",0.355922697419138,1980-01-01
"101",1981,"Arizona",1.3079258186325,1981-01-01
"102",1981,"California",4.80732,1981-01-01
"103",1981,"Colorado",2.11029600008932,1981-01-01
"104",1981,"Lake Powell",0.6050284052083,1981-01-01
"105",1981,"Lower Basin Reservoirs",1.135473,1981-01-01
"106",1981,"Mexico",3.865603,1981-01-01
"107",1981,"Nevada",0.109255,1981-01-01
"108",1981,"NewMexico",0.2809321367675,1981-01-01
"109",1981,"Utah",0.735898038584825,1981-01-01
"110",1981,"Wyoming",0.348121552414432,1981-01-01
"111",1982,"Arizona",1.16333370235022,1982-01-01
"112",1982,"California",4.322235,1982-01-01
"113",1982,"Colorado",2.10875081414265,1982-01-01
"114",1982,"Lake Powell",0.5995979207419,1982-01-01
"115",1982,"Lower Basin Reservoirs",1.118374,1982-01-01
"116",1982,"Mexico",1.670553,1982-01-01
"117",1982,"Nevada",0.105718,1982-01-01
"118",1982,"NewMexico",0.396125093769287,1982-01-01
"119",1982,"Utah",0.693378876386775,1982-01-01
"120",1982,"Wyoming",0.334319223098508,1982-01-01
"121",1983,"Arizona",0.972751362893472,1983-01-01
"122",1983,"California",3.937007,1983-01-01
"123",1983,"Colorado",1.89163140115223,1983-01-01
"124",1983,"Lake Powell",0.6708135686853,1983-01-01
"125",1983,"Lower Basin Reservoirs",1.135581,1983-01-01
"126",1983,"Mexico",9.615858,1983-01-01
"127",1983,"Nevada",0.09197,1983-01-01
"128",1983,"NewMexico",0.416156632171188,1983-01-01
"129",1983,"Utah",0.667519754419127,1983-01-01
"130",1983,"Wyoming",0.349791017753916,1983-01-01
"131",1984,"Arizona",1.09001794102151,1984-01-01
"132",1984,"California",4.643437,1984-01-01
"133",1984,"Colorado",1.93090135402418,1984-01-01
"134",1984,"Lake Powell",0.657054210529,1984-01-01
"135",1984,"Lower Basin Reservoirs",1.14971,1984-01-01
"136",1984,"Mexico",16.803519,1984-01-01
"137",1984,"Nevada",0.098915,1984-01-01
"138",1984,"NewMexico",0.388545998249233,1984-01-01
"139",1984,"Utah",0.722227187962865,1984-01-01
"140",1984,"Wyoming",0.320976555246347,1984-01-01
"141",1985,"Arizona",1.13038913365338,1985-01-01
"142",1985,"California",4.689221,1985-01-01
"143",1985,"Colorado",1.99891557289494,1985-01-01
"144",1985,"Lake Powell",0.6517157027452,1985-01-01
"145",1985,"Lower Basin Reservoirs",1.156536,1985-01-01
"146",1985,"Mexico",13.265054,1985-01-01
"147",1985,"Nevada",0.102377,1985-01-01
"148",1985,"NewMexico",0.377789292844195,1985-01-01
"149",1985,"Utah",0.824408242334789,1985-01-01
"150",1985,"Wyoming",0.346825387235977,1985-01-01
"151",1986,"Arizona",1.25203160968442,1986-01-01
"152",1986,"California",4.675934,1986-01-01
"153",1986,"Colorado",1.81050619783094,1986-01-01
"154",1986,"Lake Powell",0.6474375161178,1986-01-01
"155",1986,"Lower Basin Reservoirs",1.177998,1986-01-01
"156",1986,"Mexico",11.00872,1986-01-01
"157",1986,"Nevada",0.112099,1986-01-01
"158",1986,"NewMexico",0.440188780998124,1986-01-01
"159",1986,"Utah",0.816583384773748,1986-01-01
"160",1986,"Wyoming",0.471390543977209,1986-01-01
"161",1987,"Arizona",1.52281098228812,1987-01-01
"162",1987,"California",4.813482,1987-01-01
"163",1987,"Colorado",1.88765779054165,1987-01-01
"164",1987,"Lake Powell",0.6490620265356,1987-01-01
"165",1987,"Lower Basin Reservoirs",1.177284,1987-01-01
"166",1987,"Mexico",6.375973,1987-01-01
"167",1987,"Nevada",0.107088,1987-01-01
"168",1987,"NewMexico",0.381814690202004,1987-01-01
"169",1987,"Utah",0.840947777013486,1987-01-01
"170",1987,"Wyoming",0.463371227756849,1987-01-01
"171",1988,"Arizona",1.73802475785524,1988-01-01
"172",1988,"California",4.798592,1988-01-01
"173",1988,"Colorado",2.19646489649232,1988-01-01
"174",1988,"Lake Powell",0.638871787884,1988-01-01
"175",1988,"Lower Basin Reservoirs",1.12218,1988-01-01
"176",1988,"Mexico",2.903058,1988-01-01
"177",1988,"Nevada",0.120279,1988-01-01
"178",1988,"NewMexico",0.347336908739942,1988-01-01
"179",1988,"Utah",0.820359558804411,1988-01-01
"180",1988,"Wyoming",0.554495366491589,1988-01-01
"181",1989,"Arizona",2.04313023249888,1989-01-01
"182",1989,"California",5.01977,1989-01-01
"183",1989,"Colorado",2.43237144417362,1989-01-01
"184",1989,"Lake Powell",0.5948201288957,1989-01-01
"185",1989,"Lower Basin Reservoirs",1.164179,1989-01-01
"186",1989,"Mexico",1.809865,1989-01-01
"187",1989,"Nevada",0.148675,1989-01-01
"188",1989,"NewMexico",0.381290579048825,1989-01-01
"189",1989,"Utah",0.830831041628628,1989-01-01
"190",1989,"Wyoming",0.478334676343741,1989-01-01
"191",1990,"Arizona",2.10339914775372,1990-01-01
"192",1990,"California",5.101429,1990-01-01
"193",1990,"Colorado",2.19210325467105,1990-01-01
"194",1990,"Lake Powell",0.5053459088668,1990-01-01
"195",1990,"Lower Basin Reservoirs",1.087244,1990-01-01
"196",1990,"Mexico",1.659179,1990-01-01
"197",1990,"Nevada",0.159629,1990-01-01
"198",1990,"NewMexico",0.387317946757626,1990-01-01
"199",1990,"Utah",0.875911650204139,1990-01-01
"200",1990,"Wyoming",0.514204334929383,1990-01-01
"201",1991,"Arizona",1.76334595369381,1991-01-01
"202",1991,"California",4.989256,1991-01-01
"203",1991,"Colorado",1.79071214413602,1991-01-01
"204",1991,"Lake Powell",0.4502950946033,1991-01-01
"205",1991,"Lower Basin Reservoirs",1.049309,1991-01-01
"206",1991,"Mexico",1.672878,1991-01-01
"207",1991,"Nevada",0.164425,1991-01-01
"208",1991,"NewMexico",0.325017511608722,1991-01-01
"209",1991,"Utah",0.893340866721607,1991-01-01
"210",1991,"Wyoming",0.534267514071488,1991-01-01
"211",1992,"Arizona",1.71870298426188,1992-01-01
"212",1992,"California",4.496165,1992-01-01
"213",1992,"Colorado",1.71014180774202,1992-01-01
"214",1992,"Lake Powell",0.4307753021927,1992-01-01
"215",1992,"Lower Basin Reservoirs",0.992707,1992-01-01
"216",1992,"Mexico",1.655046,1992-01-01
"217",1992,"Nevada",0.165311,1992-01-01
"218",1992,"NewMexico",0.295325083548849,1992-01-01
"219",1992,"Utah",0.923096572010654,1992-01-01
"220",1992,"Wyoming",0.553280161400747,1992-01-01
"221",1993,"Arizona",1.96759630761728,1993-01-01
"222",1993,"California",4.693616,1993-01-01
"223",1993,"Colorado",1.8492933943232,1993-01-01
"224",1993,"Lake Powell",0.4853922648687,1993-01-01
"225",1993,"Lower Basin Reservoirs",1.011801,1993-01-01
"226",1993,"Mexico",4.965016,1993-01-01
"227",1993,"Nevada",0.172063,1993-01-01
"228",1993,"NewMexico",0.332630930781477,1993-01-01
"229",1993,"Utah",0.956776941019198,1993-01-01
"230",1993,"Wyoming",0.500579129568194,1993-01-01
"231",1994,"Arizona",2.12502616808495,1994-01-01
"232",1994,"California",5.135055,1994-01-01
"233",1994,"Colorado",1.94615515706383,1994-01-01
"234",1994,"Lake Powell",0.5343938298346,1994-01-01
"235",1994,"Lower Basin Reservoirs",1.114866,1994-01-01
"236",1994,"Mexico",1.948616,1994-01-01
"237",1994,"Nevada",0.204077,1994-01-01
"238",1994,"NewMexico",0.31666673348753,1994-01-01
"239",1994,"Utah",0.956491049251213,1994-01-01
"240",1994,"Wyoming",0.625487235324724,1994-01-01
"241",1995,"Arizona",2.02618188336822,1995-01-01
"242",1995,"California",4.899989,1995-01-01
"243",1995,"Colorado",1.61194526221105,1995-01-01
"244",1995,"Lake Powell",0.5700518324876,1995-01-01
"245",1995,"Lower Basin Reservoirs",1.044142,1995-01-01
"246",1995,"Mexico",1.825064,1995-01-01
"247",1995,"Nevada",0.192307,1995-01-01
"248",1995,"NewMexico",0.311997041929339,1995-01-01
"249",1995,"Utah",0.827896404450879,1995-01-01
"250",1995,"Wyoming",0.402154596665569,1995-01-01
"251",1996,"Arizona",2.7187507166359,1996-01-01
"252",1996,"California",5.116965,1996-01-01
"253",1996,"Colorado",1.97280530101516,1996-01-01
"254",1996,"Lake Powell",0.6169682616905,1996-01-01
"255",1996,"Lower Basin Reservoirs",1.164524,1996-01-01
"256",1996,"Mexico",1.72196,1996-01-01
"257",1996,"Nevada",0.238412,1996-01-01
"258",1996,"NewMexico",0.327209611795162,1996-01-01
"259",1996,"Utah",1.06910923482139,1996-01-01
"260",1996,"Wyoming",0.658047526468976,1996-01-01
"261",1997,"Arizona",2.48409948713073,1997-01-01
"262",1997,"California",5.22974,1997-01-01
"263",1997,"Colorado",1.58706796009266,1997-01-01
"264",1997,"Lake Powell",0.6187688304307,1997-01-01
"265",1997,"Lower Basin Reservoirs",1.136176,1997-01-01
"266",1997,"Mexico",2.735432,1997-01-01
"267",1997,"Nevada",0.232468,1997-01-01
"268",1997,"NewMexico",0.356568427843578,1997-01-01
"269",1997,"Utah",0.850101971369943,1997-01-01
"270",1997,"Wyoming",0.541368994018684,1997-01-01
"271",1998,"Arizona",2.57825432632619,1998-01-01
"272",1998,"California",4.895204,1998-01-01
"273",1998,"Colorado",1.847402406417,1998-01-01
"274",1998,"Lake Powell",0.6405680362698,1998-01-01
"275",1998,"Lower Basin Reservoirs",1.143306,1998-01-01
"276",1998,"Mexico",3.871075,1998-01-01
"277",1998,"Nevada",0.206314,1998-01-01
"278",1998,"NewMexico",0.371625080126686,1998-01-01
"279",1998,"Utah",0.912377757829709,1998-01-01
"280",1998,"Wyoming",0.502772149389954,1998-01-01
"281",1999,"Arizona",2.53917810747242,1999-01-01
"282",1999,"California",5.056933,1999-01-01
"283",1999,"Colorado",1.59340559621248,1999-01-01
"284",1999,"Lake Powell",0.6382588362995,1999-01-01
"285",1999,"Lower Basin Reservoirs",1.19214,1999-01-01
"286",1999,"Mexico",3.47111,1999-01-01
"287",1999,"Nevada",0.244485,1999-01-01
"288",1999,"NewMexico",0.337061834942801,1999-01-01
"289",1999,"Utah",0.936654414626579,1999-01-01
"290",1999,"Wyoming",0.597367181989953,1999-01-01
"291",2000,"Arizona",2.64939275706084,2000-01-01
"292",2000,"California",5.350575,2000-01-01
"293",2000,"Colorado",2.30783912635487,2000-01-01
"294",2000,"Lake Powell",0.6153872974339,2000-01-01
"295",2000,"Lower Basin Reservoirs",1.212894,2000-01-01
"296",2000,"Mexico",2.512892,2000-01-01
"297",2000,"Nevada",0.297871,2000-01-01
"298",2000,"NewMexico",0.328060960775472,2000-01-01
"299",2000,"Utah",1.12625488391278,2000-01-01
"300",2000,"Wyoming",0.657550702156587,2000-01-01
"301",2001,"Arizona",2.78207607817422,2001-01-01
"302",2001,"California",5.122877,2001-01-01
"303",2001,"Colorado",2.12809180404046,2001-01-01
"304",2001,"Lake Powell",0.5693845414474,2001-01-01
"305",2001,"Lower Basin Reservoirs",1.098445,2001-01-01
"306",2001,"Mexico",1.995159,2001-01-01
"307",2001,"Nevada",0.286486,2001-01-01
"308",2001,"NewMexico",0.34783165522251,2001-01-01
"309",2001,"Utah",1.05983413953921,2001-01-01
"310",2001,"Wyoming",0.632374784893935,2001-01-01
"311",2002,"Arizona",2.89620313699853,2002-01-01
"312",2002,"California",5.346281,2002-01-01
"313",2002,"Colorado",1.94105629369212,2002-01-01
"314",2002,"Lake Powell",0.4834067195809,2002-01-01
"315",2002,"Lower Basin Reservoirs",1.076646,2002-01-01
"316",2002,"Mexico",1.738629,2002-01-01
"317",2002,"Nevada",0.323777,2002-01-01
"318",2002,"NewMexico",0.294156926597841,2002-01-01
"319",2002,"Utah",0.915177184157929,2002-01-01
"320",2002,"Wyoming",0.549867342320561,2002-01-01
"321",2003,"Arizona",2.67151810733491,2003-01-01
"322",2003,"California",4.492764,2003-01-01
"323",2003,"Colorado",1.8409332998031,2003-01-01
"324",2003,"Lake Powell",0.3912130650641,2003-01-01
"325",2003,"Lower Basin Reservoirs",0.944343,2003-01-01
"326",2003,"Mexico",1.701521,2003-01-01
"327",2003,"Nevada",0.280345,2003-01-01
"328",2003,"NewMexico",0.339543832352508,2003-01-01
"329",2003,"Utah",0.924306170202591,2003-01-01
"330",2003,"Wyoming",0.545710949662333,2003-01-01
"331",2004,"Arizona",2.99299029852937,2004-01-01
"332",2004,"California",4.444761,2004-01-01
"333",2004,"Colorado",1.94823903194375,2004-01-01
"334",2004,"Lake Powell",0.3238243718832,2004-01-01
"335",2004,"Lower Basin Reservoirs",0.902185,2004-01-01
"336",2004,"Mexico",1.643276,2004-01-01
"337",2004,"Nevada",0.275124,2004-01-01
"338",2004,"NewMexico",0.36830642218235,2004-01-01
"339",2004,"Utah",0.952019511360387,2004-01-01
"340",2004,"Wyoming",0.514799668775917,2004-01-01
"341",2005,"Arizona",2.40117888063134,2005-01-01
"342",2005,"California",4.203353,2005-01-01
"343",2005,"Colorado",1.81618260035285,2005-01-01
"344",2005,"Lake Powell",0.3239789192073,2005-01-01
"345",2005,"Lower Basin Reservoirs",0.808781,2005-01-01
"346",2005,"Mexico",1.756361,2005-01-01
"347",2005,"Nevada",0.264763,2005-01-01
"348",2005,"NewMexico",0.436761274627985,2005-01-01
"349",2005,"Utah",1.04430503490543,2005-01-01
"350",2005,"Wyoming",0.589020675479978,2005-01-01
"351",2006,"Arizona",2.72999948407585,2006-01-01
"352",2006,"California",4.437578,2006-01-01
"353",2006,"Colorado",2.00150569313015,2006-01-01
"354",2006,"Lake Powell",0.3629778388464,2006-01-01
"355",2006,"Lower Basin Reservoirs",0.920183,2006-01-01
"356",2006,"Mexico",1.654773,2006-01-01
"357",2006,"Nevada",0.281309,2006-01-01
"358",2006,"NewMexico",0.375001668801482,2006-01-01
"359",2006,"Utah",0.96113361872723,2006-01-01
"360",2006,"Wyoming",0.606740084145183,2006-01-01
"361",2007,"Arizona",2.86204733332753,2007-01-01
"362",2007,"California",4.436252,2007-01-01
"363",2007,"Colorado",1.88157863035501,2007-01-01
"364",2007,"Lake Powell",0.3711270169226,2007-01-01
"365",2007,"Lower Basin Reservoirs",0.880348,2007-01-01
"366",2007,"Mexico",1.619707,2007-01-01
"367",2007,"Nevada",0.282422,2007-01-01
"368",2007,"NewMexico",0.396148182719641,2007-01-01
"369",2007,"Utah",0.983974237841869,2007-01-01
"370",2007,"Wyoming",0.588281289033733,2007-01-01
"371",2008,"Arizona",2.87155123340179,2008-01-01
"372",2008,"California",4.388373,2008-01-01
"373",2008,"Colorado",2.11725157811831,2008-01-01
"374",2008,"Lake Powell",0.3956391859127,2008-01-01
"375",2008,"Lower Basin Reservoirs",0.857227,2008-01-01
"376",2008,"Mexico",1.673419,2008-01-01
"377",2008,"Nevada",0.267072,2008-01-01
"378",2008,"NewMexico",0.438866391363168,2008-01-01
"379",2008,"Utah",0.925870071389141,2008-01-01
"380",2008,"Wyoming",0.588583872864075,2008-01-01
"381",2009,"Arizona",2.77615845410078,2009-01-01
"382",2009,"California",4.31736,2009-01-01
"383",2009,"Colorado",2.11513156477588,2009-01-01
"384",2009,"Lake Powell",0.4372978718257,2009-01-01
"385",2009,"Lower Basin Reservoirs",0.835035,2009-01-01
"386",2009,"Mexico",1.706675,2009-01-01
"387",2009,"Nevada",0.248795,2009-01-01
"388",2009,"NewMexico",0.414057563887479,2009-01-01
"389",2009,"Utah",0.966736871810877,2009-01-01
"390",2009,"Wyoming",0.536124240373734,2009-01-01
"391",2010,"Arizona",2.73605542095565,2010-01-01
"392",2010,"California",4.263643,2010-01-01
"393",2010,"Colorado",1.89561888060499,2010-01-01
"394",2010,"Lake Powell",0.4435449649689,2010-01-01
"395",2010,"Lower Basin Reservoirs",0.783606,2010-01-01
"396",2010,"Mexico",1.728331,2010-01-01
"397",2010,"Nevada",0.240616,2010-01-01
"398",2010,"NewMexico",0.375947971208272,2010-01-01
"399",2010,"Utah",1.06239623915481,2010-01-01
"400",2010,"Wyoming",0.656474361164555,2010-01-01
"401",2011,"Arizona",2.86843241779591,2011-01-01
"402",2011,"California",4.574193,2011-01-01
"403",2011,"Colorado",1.99121823786075,2011-01-01
"404",2011,"Lake Powell",0.4672364837623,2011-01-01
"405",2011,"Lower Basin Reservoirs",0.815497,2011-01-01
"406",2011,"Mexico",1.76172,2011-01-01
"407",2011,"Nevada",0.219301,2011-01-01
"408",2011,"NewMexico",0.395868935488621,2011-01-01
"409",2011,"Utah",0.914430214916064,2011-01-01
"410",2011,"Wyoming",0.580439299064517,2011-01-01
"411",2012,"Arizona",2.95181166727873,2012-01-01
"412",2012,"California",4.383884,2012-01-01
"413",2012,"Colorado",2.08626517680226,2012-01-01
"414",2012,"Lake Powell",0.4549838539628,2012-01-01
"415",2012,"Lower Basin Reservoirs",0.878473,2012-01-01
"416",2012,"Mexico",1.557446,2012-01-01
"417",2012,"Nevada",0.23275,2012-01-01
"418",2012,"NewMexico",0.382385317745898,2012-01-01
"419",2012,"Utah",0.990068447647082,2012-01-01
"420",2012,"Wyoming",0.601639847641635,2012-01-01
"421",2013,"Arizona",2.66730857363403,2013-01-01
"422",2013,"California",4.230875,2013-01-01
"423",2013,"Colorado",1.68450849491656,2013-01-01
"424",2013,"Lake Powell",0.3609105718763,2013-01-01
"425",2013,"Lower Basin Reservoirs",0.847609,2013-01-01
"426",2013,"Mexico",1.607507,2013-01-01
"427",2013,"Nevada",0.231001,2013-01-01
"428",2013,"NewMexico",0.310358560718911,2013-01-01
"429",2013,"Utah",0.861929565929443,2013-01-01
"430",2013,"Wyoming",0.543635091222191,2013-01-01
"431",2014,"Arizona",2.85210276006011,2014-01-01
"432",2014,"California",4.655209,2014-01-01
"433",2014,"Colorado",1.65939862548688,2014-01-01
"434",2014,"Lake Powell",0.3471717948642,2014-01-01
"435",2014,"Lower Basin Reservoirs",0.808484,2014-01-01
"436",2014,"Mexico",1.721705,2014-01-01
"437",2014,"Nevada",0.221226,2014-01-01
"438",2014,"NewMexico",0.34166254052853,2014-01-01
"439",2014,"Utah",0.900792157508629,2014-01-01
"440",2014,"Wyoming",0.530895422090731,2014-01-01
"441",2015,"Arizona",2.67667617141942,2015-01-01
"442",2015,"California",4.523503,2015-01-01
"443",2015,"Colorado",1.64374223241309,2015-01-01
"444",2015,"Lake Powell",0.3680928712683,2015-01-01
"445",2015,"Lower Basin Reservoirs",0.792942,2015-01-01
"446",2015,"Mexico",1.657207,2015-01-01
"447",2015,"Nevada",0.226393,2015-01-01
"448",2015,"NewMexico",0.352497356688649,2015-01-01
"449",2015,"Utah",1.05213609579432,2015-01-01
"450",2015,"Wyoming",0.66061638558877,2015-01-01
"451",2016,"Arizona",2.62317937798812,2016-01-01
"452",2016,"California",4.513078,2016-01-01
"453",2016,"Colorado",1.81948796373756,2016-01-01
"454",2016,"Lake Powell",0.3783689845128,2016-01-01
"455",2016,"Lower Basin Reservoirs",0.773602,2016-01-01
"456",2016,"Mexico",1.645777,2016-01-01
"457",2016,"Nevada",0.22967,2016-01-01
"458",2016,"NewMexico",0.344637445851169,2016-01-01
"459",2016,"Utah",0.979364576981324,2016-01-01
"460",2016,"Wyoming",0.624813034431998,2016-01-01
"461",2017,"Arizona",2.52188736669878,2017-01-01
"462",2017,"California",3.966151,2017-01-01
"463",2017,"Colorado",2.05229173397651,2017-01-01
"464",2017,"Lake Powell",0.4086930889236,2017-01-01
"465",2017,"Lower Basin Reservoirs",0.782254,2017-01-01
"466",2017,"Mexico",1.647206,2017-01-01
"467",2017,"Nevada",0.241756,2017-01-01
"468",2017,"NewMexico",0.430123864744742,2017-01-01
"469",2017,"Utah",1.07151083621536,2017-01-01
"470",2017,"Wyoming",0.617612855380112,2017-01-01
"471",2018,"Arizona",2.60993463456999,2018-01-01
"472",2018,"California",4.418577,2018-01-01
"473",2018,"Colorado",2.20336713561656,2018-01-01
"474",2018,"Lake Powell",0.3863460534463,2018-01-01
"475",2018,"Lower Basin Reservoirs",0.808933,2018-01-01
"476",2018,"Mexico",1.616521,2018-01-01
"477",2018,"Nevada",0.246963,2018-01-01
"478",2018,"NewMexico",0.371630404641689,2018-01-01
"479",2018,"Utah",1.10373767225504,2018-01-01
"480",2018,"Wyoming",0.745641837062325,2018-01-01
"481",2019,"Arizona",2.67224912257262,2019-01-01
"482",2019,"California",4.042943,2019-01-01
"483",2019,"Colorado",2.00804510842995,2019-01-01
"484",2019,"Lake Powell",0.3555219783525,2019-01-01
"485",2019,"Lower Basin Reservoirs",0.77918,2019-01-01
"486",2019,"Mexico",1.651878,2019-01-01
"487",2019,"Nevada",0.239046,2019-01-01
"488",2019,"NewMexico",0.426239750771437,2019-01-01
"489",2019,"Utah",0.989365312054449,2019-01-01
"490",2019,"Wyoming",0.624901229089544,2019-01-01
"491",2020,"Arizona",2.34898438072835,2020-01-01
"492",2020,"California",3.753942,2020-01-01
"493",2020,"Colorado",2.13904494512852,2020-01-01
"494",2020,"Lake Powell",0.3721779017976,2020-01-01
"495",2020,"Lower Basin Reservoirs",0.787798,2020-01-01
"496",2020,"Mexico",1.642888,2020-01-01
"497",2020,"Nevada",0.260427,2020-01-01
"498",2020,"NewMexico",0.376103352816415,2020-01-01
"499",2020,"Utah",1.18611208296147,2020-01-01
"500",2020,"Wyoming",0.713448192607084,2020-01-01
"501",2021,"Arizona",2.53077480911692,2021-01-01
"502",2021,"California",4.406704,2021-01-01
"503",2021,"Colorado",1.85000603695662,2021-01-01
"504",2021,"Lake Powell",0.2767915836923,2021-01-01
"505",2021,"Lower Basin Reservoirs",0.805155,2021-01-01
"506",2021,"Mexico",1.610556,2021-01-01
"507",2021,"Nevada",0.246527,2021-01-01
"508",2021,"NewMexico",0.363115242554944,2021-01-01
"509",2021,"Utah",0.965240543769677,2021-01-01
"510",2021,"Wyoming",0.624337274123042,2021-01-01
"511",2022,"Arizona",2.17850522008167,2022-01-01
"512",2022,"California",4.430714,2022-01-01
"513",2022,"Colorado",1.90956321797532,2022-01-01
"514",2022,"Lake Powell",0.2031509918304,2022-01-01
"515",2022,"Lower Basin Reservoirs",0.748051,2022-01-01
"516",2022,"Mexico",1.610023,2022-01-01
"517",2022,"Nevada",0.228192,2022-01-01
"518",2022,"NewMexico",0.35121395859539,2022-01-01
"519",2022,"Utah",0.954633248659004,2022-01-01
"520",2022,"Wyoming",0.633082332364227,2022-01-01
"521",2023,"Arizona",1.95342781960707,2023-01-01
"522",2023,"California",3.849734,2023-01-01
"523",2023,"Colorado",2.27876243801608,2023-01-01
"524",2023,"Lake Powell",0.2300104901592,2023-01-01
"525",2023,"Lower Basin Reservoirs",0.711223,2023-01-01
"526",2023,"Mexico",1.570136,2023-01-01
"527",2023,"Nevada",0.191579,2023-01-01
"528",2023,"NewMexico",0.418513736459229,2023-01-01
"529",2023,"Utah",1.10444559955928,2023-01-01
"530",2023,"Wyoming",0.60357793588555,2023-01-01
"531",2024,"Arizona",1.9275151734516,2024-01-01
"532",2024,"California",3.739376,2024-01-01
"533",2024,"Colorado",1.91456056023062,2024-01-01
"534",2024,"Lake Powell",0.2687011186098,2024-01-01
"535",2024,"Lower Basin Reservoirs",0.776314,2024-01-01
"536",2024,"Mexico",1.47305,2024-01-01
"537",2024,"Nevada",0.198198,2024-01-01
"538",2024,"NewMexico",0.353910390916567,2024-01-01
"539",2024,"Utah",1.22250493184048,2024-01-01
"540",2024,"Wyoming",0.691527787869959,2024-01-01
