"","HUC6","Peak_Avg_SWE","Snow_Year","Date","Days2Peak"
"1","Full Basin",20.8357142857,1979,1979-01-01,194
"2","Lower Green",20.8357142857,1979,1979-01-01,194
"3","Full Basin",24.0875,1980,1980-01-01,184
"4","Lower Green",24.0875,1980,1980-01-01,184
"5","Full Basin",7.35424603176,1981,1981-01-01,187
"6","Gunnison",11.875,1981,1981-01-01,189
"7","Little Colorado",5.35,1981,1981-01-01,185
"8","Lower Green",11.65,1981,1981-01-01,189
"9","Salt",5.9,1981,1981-01-01,165
"10","Upper Gila",4.1333333333,1981,1981-01-01,165
"11","Full Basin",13.20762061405,1982,1982-01-01,182
"12","Gunnison",22.725,1982,1982-01-01,193
"13","Lower Green",22.1578947368,1982,1982-01-01,193
"14","Salt",8.2,1982,1982-01-01,142
"15","Upper Gila",6.5,1982,1982-01-01,148
"16","Full Basin",17.322807017525,1983,1983-01-01,196
"17","Gunnison",23.4,1983,1983-01-01,214
"18","Lower Green",24.2789473684,1983,1983-01-01,231
"19","Salt",15.6666666667,1983,1983-01-01,176
"20","Upper Gila",12.2833333333,1983,1983-01-01,177
"21","Full Basin",9.72513157894,1984,1984-01-01,219
"22","Gunnison",27.5625,1984,1984-01-01,219
"23","Little Colorado",5.0166666667,1984,1984-01-01,455
"24","Lower Green",21.4210526316,1984,1984-01-01,196
"25","Salt",5.7142857143,1984,1984-01-01,108
"26","Upper Gila",5.3833333333,1984,1984-01-01,112
"27","Full Basin",13.84421052632,1985,1985-01-01,148
"28","Gunnison",21.425,1985,1985-01-01,186
"29","Little Colorado",15.0333333333,1985,1985-01-01,147
"30","Lower Green",17.5526315789,1985,1985-01-01,183
"31","Salt",14.825,1985,1985-01-01,135
"32","Upper Gila",12,1985,1985-01-01,135
"33","Colorado Headwaters",23.2526315789,1986,1986-01-01,201
"34","Full Basin",16.1992391015444,1986,1986-01-01,170
"35","Gunnison",23.2222222222,1986,1986-01-01,201
"36","Little Colorado",4.9833333333,1986,1986-01-01,169
"37","Lower Green",23.4947368421,1986,1986-01-01,200
"38","Salt",4.9,1986,1986-01-01,169
"39","Upper Colorado - Dirty Devil",14.32,1986,1986-01-01,171
"40","Upper Gila",4.5666666667,1986,1986-01-01,140
"41","Upper Green",24.1117647059,1986,1986-01-01,212
"42","White Yampa",29.5090909091,1986,1986-01-01,200
"43","Colorado Headwaters",16.095,1987,1987-01-01,196
"44","Full Basin",14.3982870370417,1987,1987-01-01,187
"45","Gunnison",22.0090909091,1987,1987-01-01,196
"46","Little Colorado",10.7833333333,1987,1987-01-01,176
"47","Lower Colorado - Lake Mead",10.1625,1987,1987-01-01,180
"48","Lower Green",11.43,1987,1987-01-01,188
"49","Salt",10.1,1987,1987-01-01,150
"50","Upper Colorado - Dirty Devil",12.74,1987,1987-01-01,189
"51","Upper Colorado - Dolores",19.725,1987,1987-01-01,195
"52","Upper Gila",8.75,1987,1987-01-01,149
"53","Upper Green",12.3277777778,1987,1987-01-01,181
"54","Upper San Juan",32.3888888889,1987,1987-01-01,196
"55","White Yampa",16.26,1987,1987-01-01,187
"56","Colorado Headwaters",17.445,1988,1988-01-01,184
"57","Full Basin",11.5646916468583,1988,1988-01-01,172
"58","Gunnison",15.3272727273,1988,1988-01-01,188
"59","Little Colorado",8.6833333333,1988,1988-01-01,131
"60","Lower Colorado - Lake Mead",9.35,1988,1988-01-01,131
"61","Lower Green",11.475,1988,1988-01-01,172
"62","Salt",8.925,1988,1988-01-01,131
"63","Upper Colorado - Dirty Devil",9.9,1988,1988-01-01,172
"64","Upper Colorado - Dolores",12.6875,1988,1988-01-01,172
"65","Upper Gila",8.3333333333,1988,1988-01-01,143
"66","Upper Green",13.3705882353,1988,1988-01-01,187
"67","Upper San Juan",17.9888888889,1988,1988-01-01,172
"68","White Yampa",23.4666666667,1988,1988-01-01,188
"69","Colorado Headwaters",18.905,1989,1989-01-01,187
"70","Full Basin",12.7423800505,1989,1989-01-01,156
"71","Gunnison",18.6636363636,1989,1989-01-01,185
"72","Little Colorado",7.9,1989,1989-01-01,134
"73","Lower Colorado - Lake Mead",9.6125,1989,1989-01-01,156
"74","Lower Green",13.545,1989,1989-01-01,173
"75","Salt",7.2625,1989,1989-01-01,131
"76","Upper Colorado - Dirty Devil",9.72,1989,1989-01-01,178
"77","Upper Colorado - Dolores",15.9375,1989,1989-01-01,158
"78","Upper Gila",4.3666666667,1989,1989-01-01,131
"79","Upper Green",17.2611111111,1989,1989-01-01,187
"80","Upper San Juan",26.7888888889,1989,1989-01-01,159
"81","White Yampa",23.3066666667,1989,1989-01-01,187
"82","Colorado Headwaters",14.2238095238,1990,1990-01-01,191
"83","Full Basin",9.62625992063333,1990,1990-01-01,168
"84","Gunnison",12.2,1990,1990-01-01,191
"85","Little Colorado",5.7333333333,1990,1990-01-01,165
"86","Lower Colorado - Lake Mead",8.225,1990,1990-01-01,166
"87","Lower Green",12.8761904762,1990,1990-01-01,170
"88","Salt",4.6125,1990,1990-01-01,142
"89","Upper Colorado - Dirty Devil",7.8,1990,1990-01-01,170
"90","Upper Colorado - Dolores",8.225,1990,1990-01-01,167
"91","Upper Gila",3.7666666667,1990,1990-01-01,143
"92","Upper Green",12.6944444444,1990,1990-01-01,181
"93","Upper San Juan",19.1777777778,1990,1990-01-01,214
"94","White Yampa",19.7133333333,1990,1990-01-01,181
"95","Colorado Headwaters",18.1904761905,1991,1991-01-01,212
"96","Full Basin",14.6356514550167,1991,1991-01-01,181
"97","Gunnison",17.6166666667,1991,1991-01-01,197
"98","Little Colorado",14.55,1991,1991-01-01,179
"99","Lower Colorado - Lake Mead",11.4625,1991,1991-01-01,178
"100","Lower Green",12.8571428571,1991,1991-01-01,182
"101","Salt",13.8375,1991,1991-01-01,179
"102","Upper Colorado - Dirty Devil",8.84,1991,1991-01-01,183
"103","Upper Colorado - Dolores",16.625,1991,1991-01-01,183
"104","Upper Gila",8.9333333333,1991,1991-01-01,179
"105","Upper Green",13.5388888889,1991,1991-01-01,216
"106","Upper San Juan",22.64,1991,1991-01-01,183
"107","White Yampa",23.1666666667,1991,1991-01-01,212
"108","Colorado Headwaters",15.3545454545,1992,1992-01-01,182
"109","Full Basin",12.8318160774417,1992,1992-01-01,184
"110","Gunnison",17.1416666667,1992,1992-01-01,183
"111","Little Colorado",12.6,1992,1992-01-01,162
"112","Lower Colorado - Lake Mead",12.75,1992,1992-01-01,183
"113","Lower Green",9.6380952381,1992,1992-01-01,177
"114","Salt",10.8,1992,1992-01-01,162
"115","Upper Colorado - Dirty Devil",12.4,1992,1992-01-01,184
"116","Upper Colorado - Dolores",16.175,1992,1992-01-01,184
"117","Upper Gila",9.9333333333,1992,1992-01-01,162
"118","Upper Green",10.0222222222,1992,1992-01-01,179
"119","Upper San Juan",21.16,1992,1992-01-01,184
"120","White Yampa",17.92,1992,1992-01-01,181
"121","Colorado Headwaters",26.7954545455,1993,1993-01-01,207
"122","Full Basin",20.5615145502667,1993,1993-01-01,189
"123","Gunnison",29.4166666667,1993,1993-01-01,201
"124","Little Colorado",17.8,1993,1993-01-01,155
"125","Lower Colorado - Lake Mead",27.0125,1993,1993-01-01,154
"126","Lower Green",20.6523809524,1993,1993-01-01,190
"127","Salt",17.0375,1993,1993-01-01,152
"128","Upper Colorado - Dirty Devil",21.52,1993,1993-01-01,189
"129","Upper Colorado - Dolores",26.0375,1993,1993-01-01,190
"130","Upper Gila",14.1,1993,1993-01-01,154
"131","Upper Green",17.5944444444,1993,1993-01-01,219
"132","Upper San Juan",34.21,1993,1993-01-01,190
"133","White Yampa",30.48,1993,1993-01-01,207
"134","Colorado Headwaters",17.2454545455,1994,1994-01-01,196
"135","Full Basin",10.8029581529583,1994,1994-01-01,192
"136","Gunnison",16.8833333333,1994,1994-01-01,194
"137","Little Colorado",7.9,1994,1994-01-01,149
"138","Lower Colorado - Lake Mead",9.65,1994,1994-01-01,151
"139","Lower Green",11.3333333333,1994,1994-01-01,193
"140","Salt",7.5875,1994,1994-01-01,145
"141","Upper Colorado - Dirty Devil",9.36,1994,1994-01-01,193
"142","Upper Colorado - Dolores",12.1875,1994,1994-01-01,193
"143","Upper Gila",4.5666666667,1994,1994-01-01,142
"144","Upper Green",12.3388888889,1994,1994-01-01,193
"145","Upper San Juan",20.3,1994,1994-01-01,213
"146","White Yampa",20.5333333333,1994,1994-01-01,196
"147","Colorado Headwaters",24.8,1995,1995-01-01,224
"148","Full Basin",16.0049479918167,1995,1995-01-01,181
"149","Gunnison",28.1083333333,1995,1995-01-01,225
"150","Little Colorado",10.1666666667,1995,1995-01-01,139
"151","Lower Colorado - Lake Mead",18.9875,1995,1995-01-01,181
"152","Lower Green",18.6904761905,1995,1995-01-01,214
"153","Salt",8.9888888889,1995,1995-01-01,139
"154","Upper Colorado - Dirty Devil",17.1666666667,1995,1995-01-01,206
"155","Upper Colorado - Dolores",19.625,1995,1995-01-01,181
"156","Upper Gila",6.5428571429,1995,1995-01-01,139
"157","Upper Green",15.8111111111,1995,1995-01-01,215
"158","Upper San Juan",32.6666666667,1995,1995-01-01,219
"159","White Yampa",28.4133333333,1995,1995-01-01,224
"160","Colorado Headwaters",23.0043478261,1996,1996-01-01,204
"161","Full Basin",13.0422683747417,1996,1996-01-01,183
"162","Gunnison",20.25,1996,1996-01-01,204
"163","Little Colorado",2.25,1996,1996-01-01,126
"164","Lower Colorado - Lake Mead",7.275,1996,1996-01-01,158
"165","Lower Green",17.2904761905,1996,1996-01-01,185
"166","Salt",2.7444444444,1996,1996-01-01,126
"167","Upper Colorado - Dirty Devil",11.3166666667,1996,1996-01-01,182
"168","Upper Colorado - Dolores",13.525,1996,1996-01-01,181
"169","Upper Gila",3.0571428571,1996,1996-01-01,128
"170","Upper Green",20.9,1996,1996-01-01,188
"171","Upper San Juan",17.2916666667,1996,1996-01-01,188
"172","White Yampa",28.4,1996,1996-01-01,206
"173","Colorado Headwaters",23.8565217391,1997,1997-01-01,214
"174","Full Basin",18.135038172875,1997,1997-01-01,157
"175","Gunnison",25.925,1997,1997-01-01,195
"176","Little Colorado",10.7333333333,1997,1997-01-01,153
"177","Lower Colorado - Lake Mead",12.1625,1997,1997-01-01,157
"178","Lower Green",23.2666666667,1997,1997-01-01,195
"179","Salt",9.5444444444,1997,1997-01-01,153
"180","Upper Colorado - Dirty Devil",17.95,1997,1997-01-01,197
"181","Upper Colorado - Dolores",21.075,1997,1997-01-01,194
"182","Upper Gila",7.1142857143,1997,1997-01-01,153
"183","Upper Green",23.45,1997,1997-01-01,196
"184","Upper San Juan",30.6083333333,1997,1997-01-01,195
"185","White Yampa",30.25,1997,1997-01-01,197
"186","Colorado Headwaters",18.6739130435,1998,1998-01-01,202
"187","Full Basin",16.1946069128083,1998,1998-01-01,199
"188","Gunnison",21.1,1998,1998-01-01,201
"189","Little Colorado",14.3571428571,1998,1998-01-01,184
"190","Lower Colorado - Lake Mead",17.7625,1998,1998-01-01,199
"191","Lower Green",18.2095238095,1998,1998-01-01,200
"192","Salt",11.6,1998,1998-01-01,159
"193","Upper Colorado - Dirty Devil",14.5833333333,1998,1998-01-01,199
"194","Upper Colorado - Dolores",16.725,1998,1998-01-01,200
"195","Upper Gila",9.2714285714,1998,1998-01-01,151
"196","Upper Green",16.9055555556,1998,1998-01-01,201
"197","Upper San Juan",22.6166666667,1998,1998-01-01,200
"198","White Yampa",24.18125,1998,1998-01-01,202
"199","Colorado Headwaters",16.5,1999,1999-01-01,218
"200","Full Basin",10.9013969613333,1999,1999-01-01,217
"201","Gunnison",17.9,1999,1999-01-01,217
"202","Little Colorado",4.9,1999,1999-01-01,186
"203","Lower Colorado - Lake Mead",5.9375,1999,1999-01-01,135
"204","Lower Green",13.5619047619,1999,1999-01-01,216
"205","Salt",3.4555555556,1999,1999-01-01,186
"206","Upper Colorado - Dirty Devil",8.6333333333,1999,1999-01-01,193
"207","Upper Colorado - Dolores",9.6125,1999,1999-01-01,163
"208","Upper Gila",1.7571428571,1999,1999-01-01,444
"209","Upper Green",18.8578947368,1999,1999-01-01,211
"210","Upper San Juan",22.475,1999,1999-01-01,217
"211","White Yampa",20.9294117647,1999,1999-01-01,208
"212","Colorado Headwaters",16.9666666667,2000,2000-01-01,186
"213","Full Basin",10.7976090301231,2000,2000-01-01,174
"214","Gunnison",17.0166666667,2000,2000-01-01,186
"215","Little Colorado",4.4857142857,2000,2000-01-01,160
"216","Lower Colorado - Lake Mead",12.05,2000,2000-01-01,161
"217","Lower Green",14.0476190476,2000,2000-01-01,183
"218","Salt",2.4,2000,2000-01-01,160
"219","Upper Colorado - Dirty Devil",10.5,2000,2000-01-01,174
"220","Upper Colorado - Dolores",15.525,2000,2000-01-01,185
"221","Upper Gila",1.0142857143,2000,2000-01-01,159
"222","Upper Green",14.5052631579,2000,2000-01-01,186
"223","Upper San Juan",17.8666666667,2000,2000-01-01,187
"224","Verde",3.48,2000,2000-01-01,161
"225","White Yampa",22.0705882353,2000,2000-01-01,186
"226","Colorado Headwaters",15.8125,2001,2001-01-01,196
"227","Full Basin",11.9447999807154,2001,2001-01-01,168
"228","Gunnison",16.7,2001,2001-01-01,195
"229","Little Colorado",10.2571428571,2001,2001-01-01,162
"230","Lower Colorado - Lake Mead",12.8,2001,2001-01-01,162
"231","Lower Green",13.8428571429,2001,2001-01-01,196
"232","Salt",7.0444444444,2001,2001-01-01,162
"233","Upper Colorado - Dirty Devil",14.3285714286,2001,2001-01-01,168
"234","Upper Colorado - Dolores",14.2,2001,2001-01-01,195
"235","Upper Gila",5.8571428571,2001,2001-01-01,159
"236","Upper Green",12.5894736842,2001,2001-01-01,197
"237","Upper San Juan",25.1833333333,2001,2001-01-01,195
"238","Verde",6.92,2001,2001-01-01,162
"239","White Yampa",19.7470588235,2001,2001-01-01,196
"240","Colorado Headwaters",11.612,2002,2002-01-01,178
"241","Full Basin",7.0612413084,2002,2002-01-01,170
"242","Gunnison",11.425,2002,2002-01-01,177
"243","Little Colorado",3.5714285714,2002,2002-01-01,125
"244","Lower Colorado - Lake Mead",4.6375,2002,2002-01-01,170
"245","Lower Green",10.1,2002,2002-01-01,177
"246","Salt",3.0777777778,2002,2002-01-01,127
"247","Upper Colorado - Dirty Devil",6.8571428571,2002,2002-01-01,172
"248","Upper Colorado - Dolores",8.5875,2002,2002-01-01,171
"249","Upper Gila",2.7428571429,2002,2002-01-01,127
"250","Upper Green",12.5736842105,2002,2002-01-01,178
"251","Upper San Juan",9.25,2002,2002-01-01,171
"252","Verde",2.54,2002,2002-01-01,99
"253","White Yampa",15.1277777778,2002,2002-01-01,178
"254","Colorado Headwaters",18.1307692308,2003,2003-01-01,206
"255","Full Basin",10.8354968782846,2003,2003-01-01,171
"256","Gunnison",16.7333333333,2003,2003-01-01,190
"257","Little Colorado",8.6,2003,2003-01-01,169
"258","Lower Colorado - Lake Mead",7.025,2003,2003-01-01,171
"259","Lower Green",11.6714285714,2003,2003-01-01,189
"260","Salt",6.6777777778,2003,2003-01-01,156
"261","Upper Colorado - Dirty Devil",9.4,2003,2003-01-01,189
"262","Upper Colorado - Dolores",12.6875,2003,2003-01-01,181
"263","Upper Gila",4.6142857143,2003,2003-01-01,157
"264","Upper Green",14.9105263158,2003,2003-01-01,189
"265","Upper San Juan",16.2833333333,2003,2003-01-01,181
"266","Verde",4.12,2003,2003-01-01,155
"267","White Yampa",21.4666666667,2003,2003-01-01,190
"268","Colorado Headwaters",12.9428571429,2004,2004-01-01,168
"269","Full Basin",12.2209780862538,2004,2004-01-01,158
"270","Gunnison",15.775,2004,2004-01-01,160
"271","Little Colorado",8.5714285714,2004,2004-01-01,157
"272","Lower Colorado - Lake Mead",13.05,2004,2004-01-01,157
"273","Lower Green",13.5333333333,2004,2004-01-01,159
"274","Salt",6.8777777778,2004,2004-01-01,157
"275","Upper Colorado - Dirty Devil",11.9714285714,2004,2004-01-01,158
"276","Upper Colorado - Dolores",14.225,2004,2004-01-01,158
"277","Upper Gila",5.6714285714,2004,2004-01-01,157
"278","Upper Green",12.4631578947,2004,2004-01-01,166
"279","Upper San Juan",21.05,2004,2004-01-01,156
"280","Verde",6.18,2004,2004-01-01,157
"281","White Yampa",17.7,2004,2004-01-01,161
"282","Colorado Headwaters",17.9896551724,2005,2005-01-01,193
"283","Full Basin",17.8251603273692,2005,2005-01-01,181
"284","Gunnison",24.2307692308,2005,2005-01-01,193
"285","Little Colorado",15.1428571429,2005,2005-01-01,156
"286","Lower Colorado - Lake Mead",27.59,2005,2005-01-01,181
"287","Lower Green",22.5,2005,2005-01-01,183
"288","Salt",9.8888888889,2005,2005-01-01,157
"289","Upper Colorado - Dirty Devil",20.0857142857,2005,2005-01-01,183
"290","Upper Colorado - Dolores",21.9666666667,2005,2005-01-01,187
"291","Upper Gila",7.5285714286,2005,2005-01-01,158
"292","Upper Green",14.5315789474,2005,2005-01-01,183
"293","Upper San Juan",33.6769230769,2005,2005-01-01,188
"294","Verde",10,2005,2005-01-01,149
"295","White Yampa",20.305,2005,2005-01-01,183
"296","Colorado Headwaters",19.2,2006,2006-01-01,189
"297","Full Basin",12.1441891958615,2006,2006-01-01,189
"298","Gunnison",18.1692307692,2006,2006-01-01,189
"299","Little Colorado",3.8714285714,2006,2006-01-01,173
"300","Lower Colorado - Lake Mead",10.43,2006,2006-01-01,182
"301","Lower Green",19.4047619048,2006,2006-01-01,189
"302","Salt",3.3777777778,2006,2006-01-01,165
"303","Upper Colorado - Dirty Devil",13.8142857143,2006,2006-01-01,188
"304","Upper Colorado - Dolores",14.3666666667,2006,2006-01-01,188
"305","Upper Gila",1.7428571429,2006,2006-01-01,164
"306","Upper Green",17.9894736842,2006,2006-01-01,188
"307","Upper San Juan",17.3538461538,2006,2006-01-01,189
"308","Verde",2.58,2006,2006-01-01,172
"309","White Yampa",25.735,2006,2006-01-01,189
"310","Colorado Headwaters",14.2206896552,2007,2007-01-01,195
"311","Full Basin",9.30865541822308,2007,2007-01-01,155
"312","Gunnison",13.0384615385,2007,2007-01-01,162
"313","Little Colorado",7.1714285714,2007,2007-01-01,148
"314","Lower Colorado - Lake Mead",6.05,2007,2007-01-01,151
"315","Lower Green",9.3,2007,2007-01-01,162
"316","Salt",6.2888888889,2007,2007-01-01,148
"317","Upper Colorado - Dirty Devil",6.8571428571,2007,2007-01-01,159
"318","Upper Colorado - Dolores",11.6666666667,2007,2007-01-01,161
"319","Upper Gila",5.6285714286,2007,2007-01-01,145
"320","Upper Green",11.4421052632,2007,2007-01-01,185
"321","Upper San Juan",15.0615384615,2007,2007-01-01,206
"322","Verde",4.4,2007,2007-01-01,144
"323","White Yampa",16.415,2007,2007-01-01,163
"324","Colorado Headwaters",23.83,2008,2008-01-01,195
"325","Full Basin",15.8835985337308,2008,2008-01-01,156
"326","Gunnison",25.3153846154,2008,2008-01-01,195
"327","Little Colorado",16.0714285714,2008,2008-01-01,147
"328","Lower Colorado - Lake Mead",16.02,2008,2008-01-01,150
"329","Lower Green",18.0318181818,2008,2008-01-01,194
"330","Salt",11.5888888889,2008,2008-01-01,146
"331","Upper Colorado - Dirty Devil",12.8285714286,2008,2008-01-01,174
"332","Upper Colorado - Dolores",21.5777777778,2008,2008-01-01,195
"333","Upper Gila",6.7,2008,2008-01-01,146
"334","Upper Green",16.2263157895,2008,2008-01-01,195
"335","Upper San Juan",30.1538461538,2008,2008-01-01,195
"336","Verde",11.8,2008,2008-01-01,147
"337","White Yampa",27.32,2008,2008-01-01,196
"338","Colorado Headwaters",20.35,2009,2009-01-01,200
"339","Full Basin",12.2656482732308,2009,2009-01-01,146
"340","Gunnison",19.3071428571,2009,2009-01-01,200
"341","Little Colorado",10.87,2009,2009-01-01,140
"342","Lower Colorado - Lake Mead",14.0153846154,2009,2009-01-01,146
"343","Lower Green",15.4727272727,2009,2009-01-01,198
"344","Salt",9.6666666667,2009,2009-01-01,140
"345","Upper Colorado - Dirty Devil",9.5714285714,2009,2009-01-01,198
"346","Upper Colorado - Dolores",16.6222222222,2009,2009-01-01,187
"347","Upper Gila",3.875,2009,2009-01-01,134
"348","Upper Green",17.0842105263,2009,2009-01-01,198
"349","Upper San Juan",21.9307692308,2009,2009-01-01,200
"350","Verde",9.1428571429,2009,2009-01-01,142
"351","White Yampa",25.825,2009,2009-01-01,194
"352","Colorado Headwaters",15.3612903226,2010,2010-01-01,189
"353","Full Basin",15.50238497765,2010,2010-01-01,165
"354","Gunnison",17.8533333333,2010,2010-01-01,189
"355","Little Colorado",19.6818181818,2010,2010-01-01,162
"356","Lower Colorado - Lake Mead",18.8571428571,2010,2010-01-01,165
"357","Lower Green",12.7913043478,2010,2010-01-01,189
"358","Lower San Juan",19.85,2010,2010-01-01,166
"359","Salt",17.6777777778,2010,2010-01-01,162
"360","Upper Colorado - Dirty Devil",13.9714285714,2010,2010-01-01,189
"361","Upper Colorado - Dolores",19.0888888889,2010,2010-01-01,188
"362","Upper Gila",11.625,2010,2010-01-01,162
"363","Upper Green",11.5,2010,2010-01-01,195
"364","Upper San Juan",21.1,2010,2010-01-01,185
"365","Verde",18.6777777778,2010,2010-01-01,161
"366","White Yampa",21.045,2010,2010-01-01,190
"367","Colorado Headwaters",26.5806451613,2011,2011-01-01,214
"368","Full Basin",13.8267795478857,2011,2011-01-01,179
"369","Gunnison",21.82,2011,2011-01-01,214
"370","Little Colorado",7.0909090909,2011,2011-01-01,151
"371","Lower Colorado - Lake Mead",19.7,2011,2011-01-01,177
"372","Lower Green",20.8782608696,2011,2011-01-01,192
"373","Lower San Juan",11.6,2011,2011-01-01,161
"374","Salt",4.6777777778,2011,2011-01-01,151
"375","Upper Colorado - Dirty Devil",14.8125,2011,2011-01-01,179
"376","Upper Colorado - Dolores",16,2011,2011-01-01,179
"377","Upper Gila",2.4875,2011,2011-01-01,127
"378","Upper Green",23.0565217391,2011,2011-01-01,213
"379","Upper San Juan",18.325,2011,2011-01-01,178
"380","Verde",6.8888888889,2011,2011-01-01,151
"381","White Yampa",34.84,2011,2011-01-01,215
"382","Colorado Headwaters",11.5129032258,2012,2012-01-01,157
"383","Full Basin",8.90875708815714,2012,2012-01-01,155
"384","Gunnison",11.96,2012,2012-01-01,173
"385","Little Colorado",4.9545454545,2012,2012-01-01,117
"386","Lower Colorado - Lake Mead",6.4428571429,2012,2012-01-01,171
"387","Lower Green",9.1086956522,2012,2012-01-01,172
"388","Lower San Juan",9.95,2012,2012-01-01,154
"389","Salt",5.6111111111,2012,2012-01-01,117
"390","Upper Colorado - Dirty Devil",8.0875,2012,2012-01-01,159
"391","Upper Colorado - Dolores",12.1333333333,2012,2012-01-01,159
"392","Upper Gila",4.3,2012,2012-01-01,110
"393","Upper Green",12.7869565217,2012,2012-01-01,174
"394","Upper San Juan",15.1,2012,2012-01-01,161
"395","Verde",4.1,2012,2012-01-01,171
"396","White Yampa",15.365,2012,2012-01-01,157
"397","Colorado Headwaters",16.164516129,2013,2013-01-01,206
"398","Full Basin",9.33846138652143,2013,2013-01-01,160
"399","Gunnison",12.8666666667,2013,2013-01-01,202
"400","Little Colorado",7.7090909091,2013,2013-01-01,160
"401","Lower Colorado - Lake Mead",7.0642857143,2013,2013-01-01,160
"402","Lower Green",10.5,2013,2013-01-01,202
"403","Lower San Juan",10.5,2013,2013-01-01,161
"404","Salt",5.8333333333,2013,2013-01-01,148
"405","Upper Colorado - Dirty Devil",9.1625,2013,2013-01-01,160
"406","Upper Colorado - Dolores",12.4555555556,2013,2013-01-01,162
"407","Upper Gila",2.75,2013,2013-01-01,160
"408","Upper Green",12.8695652174,2013,2013-01-01,204
"409","Upper San Juan",14.8125,2013,2013-01-01,162
"410","Verde",5.6555555556,2013,2013-01-01,160
"411","White Yampa",19.47,2013,2013-01-01,206
"412","Colorado Headwaters",20.6967741935,2014,2014-01-01,189
"413","Full Basin",9.891613894,2014,2014-01-01,188
"414","Gunnison",17.44,2014,2014-01-01,189
"415","Little Colorado",3.1090909091,2014,2014-01-01,449
"416","Lower Colorado - Lake Mead",3.8714285714,2014,2014-01-01,152
"417","Lower Green",12.0608695652,2014,2014-01-01,188
"418","Lower San Juan",6.5,2014,2014-01-01,160
"419","Salt",2.2777777778,2014,2014-01-01,450
"420","Upper Colorado - Dirty Devil",8.725,2014,2014-01-01,187
"421","Upper Colorado - Dolores",12.8777777778,2014,2014-01-01,178
"422","Upper Gila",1.6125,2014,2014-01-01,450
"423","Upper Green",19.4652173913,2014,2014-01-01,189
"424","Upper San Juan",15.55625,2014,2014-01-01,189
"425","Verde",2.9555555556,2014,2014-01-01,449
"426","White Yampa",26.51,2014,2014-01-01,189
"427","Colorado Headwaters",12.7096774194,2015,2015-01-01,164
"428","Full Basin",8.42634148230714,2015,2015-01-01,156
"429","Gunnison",11.8733333333,2015,2015-01-01,158
"430","Little Colorado",4.4818181818,2015,2015-01-01,154
"431","Lower Colorado - Lake Mead",6.2642857143,2015,2015-01-01,156
"432","Lower Green",8.3,2015,2015-01-01,158
"433","Lower San Juan",8.2,2015,2015-01-01,154
"434","Salt",2.8111111111,2015,2015-01-01,122
"435","Upper Colorado - Dirty Devil",10.05,2015,2015-01-01,155
"436","Upper Colorado - Dolores",11.1111111111,2015,2015-01-01,164
"437","Upper Gila",2.7,2015,2015-01-01,123
"438","Upper Green",11.3304347826,2015,2015-01-01,163
"439","Upper San Juan",12.78125,2015,2015-01-01,158
"440","Verde",3.6333333333,2015,2015-01-01,153
"441","White Yampa",14.94,2015,2015-01-01,159
"442","Colorado Headwaters",16.4967741935,2016,2016-01-01,184
"443","Full Basin",9.84719186166429,2016,2016-01-01,129
"444","Gunnison",15.1,2016,2016-01-01,184
"445","Little Colorado",6.8272727273,2016,2016-01-01,127
"446","Lower Colorado - Lake Mead",8.9928571429,2016,2016-01-01,128
"447","Lower Green",11.447826087,2016,2016-01-01,183
"448","Lower San Juan",12.15,2016,2016-01-01,127
"449","Salt",6.4777777778,2016,2016-01-01,129
"450","Upper Colorado - Dirty Devil",9.525,2016,2016-01-01,183
"451","Upper Colorado - Dolores",14.4777777778,2016,2016-01-01,184
"452","Upper Gila",4.1625,2016,2016-01-01,129
"453","Upper Green",14.2782608696,2016,2016-01-01,183
"454","Upper San Juan",15.41875,2016,2016-01-01,130
"455","Verde",6.4555555556,2016,2016-01-01,124
"456","White Yampa",20.96,2016,2016-01-01,185
"457","Colorado Headwaters",17.9838709677,2017,2017-01-01,160
"458","Full Basin",15.0972880159643,2017,2017-01-01,158
"459","Gunnison",19.94,2017,2017-01-01,160
"460","Little Colorado",10.5909090909,2017,2017-01-01,151
"461","Lower Colorado - Lake Mead",15.1214285714,2017,2017-01-01,158
"462","Lower Green",20.5869565217,2017,2017-01-01,158
"463","Lower San Juan",14.15,2017,2017-01-01,160
"464","Salt",6.5555555556,2017,2017-01-01,121
"465","Upper Colorado - Dirty Devil",13.475,2017,2017-01-01,158
"466","Upper Colorado - Dolores",20.4666666667,2017,2017-01-01,160
"467","Upper Gila",3.45,2017,2017-01-01,121
"468","Upper Green",21.3739130435,2017,2017-01-01,192
"469","Upper San Juan",24.4375,2017,2017-01-01,158
"470","Verde",7.6111111111,2017,2017-01-01,152
"471","White Yampa",21.035,2017,2017-01-01,162
"472","Colorado Headwaters",13.9225806452,2018,2018-01-01,191
"473","Full Basin",6.50388683306429,2018,2018-01-01,174
"474","Gunnison",9.6866666667,2018,2018-01-01,179
"475","Little Colorado",2.5454545455,2018,2018-01-01,152
"476","Lower Colorado - Lake Mead",3.6928571429,2018,2018-01-01,174
"477","Lower Green",8.3391304348,2018,2018-01-01,176
"478","Lower San Juan",2.85,2018,2018-01-01,149
"479","Salt",1.2444444444,2018,2018-01-01,144
"480","Upper Colorado - Dirty Devil",5.65,2018,2018-01-01,174
"481","Upper Colorado - Dolores",8.5777777778,2018,2018-01-01,174
"482","Upper Gila",0.7,2018,2018-01-01,144
"483","Upper Green",15.4869565217,2018,2018-01-01,191
"484","Upper San Juan",9.2375,2018,2018-01-01,180
"485","Verde",2.4666666667,2018,2018-01-01,151
"486","White Yampa",18.285,2018,2018-01-01,191
"487","Colorado Headwaters",20.8290322581,2019,2019-01-01,195
"488","Full Basin",16.5140050044714,2019,2019-01-01,173
"489","Gunnison",23.2733333333,2019,2019-01-01,187
"490","Little Colorado",10.7454545455,2019,2019-01-01,166
"491","Lower Colorado - Lake Mead",18.8357142857,2019,2019-01-01,172
"492","Lower Green",19.8130434783,2019,2019-01-01,195
"493","Lower San Juan",21.4,2019,2019-01-01,173
"494","Salt",7.7222222222,2019,2019-01-01,147
"495","Upper Colorado - Dirty Devil",15.275,2019,2019-01-01,185
"496","Upper Colorado - Dolores",23.8444444444,2019,2019-01-01,185
"497","Upper Gila",3.9625,2019,2019-01-01,147
"498","Upper Green",14.6434782609,2019,2019-01-01,198
"499","Upper San Juan",29.4875,2019,2019-01-01,185
"500","Verde",8.2888888889,2019,2019-01-01,145
"501","White Yampa",24.195,2019,2019-01-01,185
"502","Colorado Headwaters",17.4806451613,2020,2020-01-01,202
"503","Full Basin",11.33737299885,2020,2020-01-01,182
"504","Gunnison",15.26,2020,2020-01-01,187
"505","Little Colorado",6.2181818182,2020,2020-01-01,103
"506","Lower Colorado - Lake Mead",10.1428571429,2020,2020-01-01,181
"507","Lower Green",14.7826086957,2020,2020-01-01,182
"508","Lower San Juan",10.9,2020,2020-01-01,182
"509","Salt",5.0444444444,2020,2020-01-01,109
"510","Upper Colorado - Dirty Devil",12.3125,2020,2020-01-01,182
"511","Upper Colorado - Dolores",15.4888888889,2020,2020-01-01,183
"512","Upper Gila",3.9875,2020,2020-01-01,135
"513","Upper Green",15.3869565217,2020,2020-01-01,200
"514","Upper San Juan",17.90625,2020,2020-01-01,182
"515","Verde",5.4222222222,2020,2020-01-01,103
"516","White Yampa",22.635,2020,2020-01-01,186
"517","Colorado Headwaters",14.2322580645,2021,2021-01-01,182
"518","Full Basin",9.27835905207857,2021,2021-01-01,177
"519","Gunnison",14.1066666667,2021,2021-01-01,179
"520","Little Colorado",4.84,2021,2021-01-01,124
"521","Lower Colorado - Lake Mead",5.4928571429,2021,2021-01-01,167
"522","Lower Green",10.3043478261,2021,2021-01-01,177
"523","Lower San Juan",8.35,2021,2021-01-01,177
"524","Salt",3.0333333333,2021,2021-01-01,123
"525","Upper Colorado - Dirty Devil",9,2021,2021-01-01,177
"526","Upper Colorado - Dolores",13.4777777778,2021,2021-01-01,177
"527","Upper Gila",2.2875,2021,2021-01-01,140
"528","Upper Green",12.2434782609,2021,2021-01-01,182
"529","Upper San Juan",16.7466666667,2021,2021-01-01,177
"530","Verde",5.0666666667,2021,2021-01-01,122
"531","White Yampa",17.995,2021,2021-01-01,179
"532","Colorado Headwaters",15.8161290323,2022,2022-01-01,196
"533","Full Basin",9.90005565988571,2022,2022-01-01,164
"534","Gunnison",15.66,2022,2022-01-01,174
"535","Little Colorado",5.8363636364,2022,2022-01-01,161
"536","Lower Colorado - Lake Mead",9,2022,2022-01-01,161
"537","Lower Green",11.1782608696,2022,2022-01-01,171
"538","Lower San Juan",8.95,2022,2022-01-01,164
"539","Salt",3.7333333333,2022,2022-01-01,94
"540","Upper Colorado - Dirty Devil",8.6875,2022,2022-01-01,171
"541","Upper Colorado - Dolores",14.7555555556,2022,2022-01-01,172
"542","Upper Gila",2.1625,2022,2022-01-01,95
"543","Upper Green",11.5136363636,2022,2022-01-01,199
"544","Upper San Juan",16.675,2022,2022-01-01,167
"545","Verde",5.3888888889,2022,2022-01-01,161
"546","White Yampa",17.76,2022,2022-01-01,199
"547","Colorado Headwaters",21.6741935484,2023,2023-01-01,188
"548","Full Basin",20.6756625547929,2023,2023-01-01,186
"549","Gunnison",25.2466666667,2023,2023-01-01,188
"550","Little Colorado",16.9363636364,2023,2023-01-01,175
"551","Lower Colorado - Lake Mead",26.4214285714,2023,2023-01-01,187
"552","Lower Green",25.3913043478,2023,2023-01-01,189
"553","Lower San Juan",25.7,2023,2023-01-01,182
"554","Salt",9.9555555556,2023,2023-01-01,154
"555","Upper Colorado - Dirty Devil",20.2375,2023,2023-01-01,188
"556","Upper Colorado - Dolores",29.0555555556,2023,2023-01-01,188
"557","Upper Gila",4.8125,2023,2023-01-01,154
"558","Upper Green",17.752173913,2023,2023-01-01,189
"559","Upper San Juan",30.83125,2023,2023-01-01,187
"560","Verde",17.8888888889,2023,2023-01-01,175
"561","White Yampa",30.08,2023,2023-01-01,188
"562","Colorado Headwaters",17.1129032258,2024,2024-01-01,191
"563","Full Basin",12.7092345346786,2024,2024-01-01,184
"564","Gunnison",16.3,2024,2024-01-01,191
"565","Little Colorado",8.0272727273,2024,2024-01-01,178
"566","Lower Colorado - Lake Mead",9.9142857143,2024,2024-01-01,183
"567","Lower Green",16.2608695652,2024,2024-01-01,184
"568","Lower San Juan",13.6,2024,2024-01-01,178
"569","Salt",6.6,2024,2024-01-01,133
"570","Upper Colorado - Dirty Devil",13.9125,2024,2024-01-01,184
"571","Upper Colorado - Dolores",16.2333333333,2024,2024-01-01,184
"572","Upper Gila",5.2125,2024,2024-01-01,135
"573","Upper Green",14.1590909091,2024,2024-01-01,185
"574","Upper San Juan",17.88125,2024,2024-01-01,184
"575","Verde",6.8111111111,2024,2024-01-01,131
"576","White Yampa",22.42,2024,2024-01-01,190
"577","Colorado Headwaters",15.5032258065,2025,2025-01-01,188
"578","Full Basin",8.56074449232857,2025,2025-01-01,171
"579","Gunnison",13.4,2025,2025-01-01,173
"580","Little Colorado",3.9363636364,2025,2025-01-01,166
"581","Lower Colorado - Lake Mead",5.9214285714,2025,2025-01-01,170
"582","Lower Green",11.8869565217,2025,2025-01-01,173
"583","Lower San Juan",4.6,2025,2025-01-01,171
"584","Salt",1.1222222222,2025,2025-01-01,166
"585","Upper Colorado - Dirty Devil",7.625,2025,2025-01-01,172
"586","Upper Colorado - Dolores",12.0777777778,2025,2025-01-01,173
"587","Upper Gila",0.5875,2025,2025-01-01,158
"588","Upper Green",14.4304347826,2025,2025-01-01,187
"589","Upper San Juan",11.43125,2025,2025-01-01,173
"590","Verde",3.6888888889,2025,2025-01-01,166
"591","White Yampa",19.31,2025,2025-01-01,188
"592","Colorado Headwaters",9.07,2026,2026-01-01,167
"593","Full Basin",5.71667371108571,2026,2026-01-01,146
"594","Gunnison",8.62,2026,2026-01-01,159
"595","Little Colorado",3.0181818182,2026,2026-01-01,144
"596","Lower Colorado - Lake Mead",5.75,2026,2026-01-01,145
"597","Lower Green",7.4913043478,2026,2026-01-01,157
"598","Lower San Juan",3.35,2026,2026-01-01,145
"599","Salt",1.2777777778,2026,2026-01-01,100
"600","Upper Colorado - Dirty Devil",4.8625,2026,2026-01-01,145
"601","Upper Colorado - Dolores",8.1333333333,2026,2026-01-01,146
"602","Upper Gila",1.1875,2026,2026-01-01,104
"603","Upper Green",11.1217391304,2026,2026-01-01,167
"604","Upper San Juan",8.4875,2026,2026-01-01,146
"605","Verde",2.3888888889,2026,2026-01-01,145
"606","White Yampa",12.055,2026,2026-01-01,159
