"","Reservoir","Date","Most_Probable","Min_Probable","Max_Probable"
"1","Blue Mesa Reservoir",2026-06-01,291596.75,291596.75,291596.75
"2","Blue Mesa Reservoir",2026-07-01,233884.603,233163.242,356810.825
"3","Blue Mesa Reservoir",2026-08-01,182060.67,181328.409,323176.861
"4","Blue Mesa Reservoir",2026-09-01,124555.611,124398.995,283606.418
"5","Blue Mesa Reservoir",2026-10-01,92902.7909,78187.0927,258356.301
"6","Blue Mesa Reservoir",2026-11-01,96509.0227,73386.2836,275762.216
"7","Blue Mesa Reservoir",2026-12-01,97589.2568,67157.0641,286939.268
"8","Blue Mesa Reservoir",2027-01-01,96669.4664,59929.6304,296113.724
"9","Blue Mesa Reservoir",2027-02-01,98210.6063,55055.1547,305769.849
"10","Blue Mesa Reservoir",2027-03-01,97925.4192,41228.9493,321233.352
"11","Blue Mesa Reservoir",2027-04-01,99556.2715,10694.3454,371644.039
"12","Blue Mesa Reservoir",2027-05-01,161098.105,27298.178,396365.857
"13","Blue Mesa Reservoir",2027-06-01,326745.14,72255.8533,647251.675
"14","Blue Mesa Reservoir",2027-07-01,321610.484,45519.2194,692358.753
"15","Blue Mesa Reservoir",2027-08-01,283617.057,13739.3729,677611.044
"16","Blue Mesa Reservoir",2027-09-01,245038.644,1311.88489,632723.515
"17","Blue Mesa Reservoir",2027-10-01,213272.815,10512.3835,600724.362
"18","Blue Mesa Reservoir",2027-11-01,227642.494,22731.9403,599345.813
"19","Blue Mesa Reservoir",2027-12-01,231282.641,35513.3336,577563.522
"20","Blue Mesa Reservoir",2028-01-01,227945.753,47192.4769,575589.894
"21","Blue Mesa Reservoir",2028-02-01,224938.729,58061.4331,571977.745
"22","Blue Mesa Reservoir",2028-03-01,231108.8,67453.203,576480.285
"23","Blue Mesa Reservoir",2028-04-01,264134.289,80005.2154,589384.534
"24","Blue Mesa Reservoir",2028-05-01,411363.686,175641.412,617113.618
"25","Blue Mesa Reservoir",2028-06-01,494729.828,272734.732,773307.004
"26","Flaming Gorge",2026-06-01,2750884.27,2750884.27,2750884.27
"27","Flaming Gorge",2026-07-01,2667193.51,2659770.63,2938318.83
"28","Flaming Gorge",2026-08-01,2580244.88,2563987.04,2886114.11
"29","Flaming Gorge",2026-09-01,2495596.61,2470807.38,2830889.15
"30","Flaming Gorge",2026-10-01,2409073.77,2372578.72,2738686.3
"31","Flaming Gorge",2026-11-01,2335224.79,2283559.67,2660603.76
"32","Flaming Gorge",2026-12-01,2257967.81,2192575.44,2577838.63
"33","Flaming Gorge",2027-01-01,2180740.86,2101626.91,2503754.77
"34","Flaming Gorge",2027-02-01,2118267.33,2024164.84,2445688.75
"35","Flaming Gorge",2027-03-01,2083628.29,1957270.03,2412936.19
"36","Flaming Gorge",2027-04-01,2047832.87,1891958.96,2365609.13
"37","Flaming Gorge",2027-05-01,1994976.91,1891439.34,2348411.69
"38","Flaming Gorge",2027-06-01,2091840.26,1857217.39,2639382.4
"39","Flaming Gorge",2027-07-01,2159789.45,1843523.74,2759149.22
"40","Flaming Gorge",2027-08-01,2179685.45,1826608.96,2760368.6
"41","Flaming Gorge",2027-09-01,2154503.75,1811035.19,2719615.52
"42","Flaming Gorge",2027-10-01,2144813.1,1798480.17,2691295.76
"43","Flaming Gorge",2027-11-01,2144831.03,1795222.22,2666919.26
"44","Flaming Gorge",2027-12-01,2139000.88,1795091.65,2598111.04
"45","Flaming Gorge",2028-01-01,2141969.35,1804574.59,2518626.77
"46","Flaming Gorge",2028-02-01,2148998.49,1817636.52,2450546.87
"47","Flaming Gorge",2028-03-01,2180114.59,1839728.4,2456462.68
"48","Flaming Gorge",2028-04-01,2201855.52,1861603.85,2446960.65
"49","Flaming Gorge",2028-05-01,2202588.01,1901025.86,2379252.84
"50","Flaming Gorge",2028-06-01,2314816.44,1951900.97,2560444.47
"51","Fontenelle Reservoir",2026-06-01,252730.34,252730.34,252730.34
"52","Fontenelle Reservoir",2026-07-01,251244.36,258956.307,314274.282
"53","Fontenelle Reservoir",2026-08-01,232213.529,249103.286,294041.432
"54","Fontenelle Reservoir",2026-09-01,213973.838,239720.532,263987.223
"55","Fontenelle Reservoir",2026-10-01,199913.294,218827.49,252367.171
"56","Fontenelle Reservoir",2026-11-01,184474.74,198167.142,233209.362
"57","Fontenelle Reservoir",2026-12-01,159724.732,172684.59,197391.541
"58","Fontenelle Reservoir",2027-01-01,132045.885,145270.683,160646.114
"59","Fontenelle Reservoir",2027-02-01,107197.882,120497.077,128680.229
"60","Fontenelle Reservoir",2027-03-01,95636.9932,101210.628,123076.76
"61","Fontenelle Reservoir",2027-04-01,110721.043,95003.9062,162033.797
"62","Fontenelle Reservoir",2027-05-01,168840.554,113167.134,229915.056
"63","Fontenelle Reservoir",2027-06-01,296203.161,201711.619,287391.253
"64","Fontenelle Reservoir",2027-07-01,328981.616,237530.594,324278.55
"65","Fontenelle Reservoir",2027-08-01,269700.947,221695.418,290616.318
"66","Fontenelle Reservoir",2027-09-01,246477.86,200451.043,267629.226
"67","Fontenelle Reservoir",2027-10-01,228978.425,190575.975,255004.027
"68","Fontenelle Reservoir",2027-11-01,211010.387,183519.322,237283.054
"69","Fontenelle Reservoir",2027-12-01,180904.582,165761.96,202527.979
"70","Fontenelle Reservoir",2028-01-01,149871.892,145056.417,166838.961
"71","Fontenelle Reservoir",2028-02-01,120890.467,125577.291,133507.549
"72","Fontenelle Reservoir",2028-03-01,110790.319,118962.234,117972.99
"73","Fontenelle Reservoir",2028-04-01,136809.377,135749.568,146739.431
"74","Fontenelle Reservoir",2028-05-01,200889.07,196454.809,211946.099
"75","Fontenelle Reservoir",2028-06-01,285365.048,298937.765,293794.76
"76","Lake Havasu",2026-06-01,539047.23,539047.23,539047.23
"77","Lake Havasu",2026-07-01,531380,531380,531380
"78","Lake Havasu",2026-08-01,521940,521940,521940
"79","Lake Havasu",2026-09-01,521940,521940,521940
"80","Lake Havasu",2026-10-01,521940,521940,521940
"81","Lake Havasu",2026-11-01,521940,521940,521940
"82","Lake Havasu",2026-12-01,503409.998,503409.998,503409.998
"83","Lake Havasu",2027-01-01,503410,503410,503410
"84","Lake Havasu",2027-02-01,503410,503410,503410
"85","Lake Havasu",2027-03-01,507090.001,507090.001,507090.001
"86","Lake Havasu",2027-04-01,544810,544810,544810
"87","Lake Havasu",2027-05-01,544810,544810,544810
"88","Lake Havasu",2027-06-01,544810,544810,544810
"89","Lake Havasu",2027-07-01,531380.001,531380.001,531380.001
"90","Lake Havasu",2027-08-01,521940,521940,521940
"91","Lake Havasu",2027-09-01,521940,521940,521940
"92","Lake Havasu",2027-10-01,521940,521940,521940
"93","Lake Havasu",2027-11-01,521940,521940,521940
"94","Lake Havasu",2027-12-01,503409.998,503409.998,503409.998
"95","Lake Havasu",2028-01-01,503410,503410,503410
"96","Lake Havasu",2028-02-01,503410,503410,503410
"97","Lake Havasu",2028-03-01,507090.001,507090.001,507090.001
"98","Lake Havasu",2028-04-01,544810,544810,544810
"99","Lake Havasu",2028-05-01,544810,544810,544810
"100","Lake Havasu",2028-06-01,544810,544810,544810
"101","Lake Mead",2026-06-01,7296468.88,7296468.88,7296468.88
"102","Lake Mead",2026-07-01,7032522.18,7030959.53,7080041.33
"103","Lake Mead",2026-08-01,6904827.85,6888582.15,6973644.41
"104","Lake Mead",2026-09-01,6783987.29,6766227.76,6920520.91
"105","Lake Mead",2026-10-01,6790399.37,6754619.68,6987088.35
"106","Lake Mead",2026-11-01,6695467.76,6657160.93,6871922.33
"107","Lake Mead",2026-12-01,6793850.6,6779696.75,6951287.69
"108","Lake Mead",2027-01-01,6960544.75,6933642.72,7128009.26
"109","Lake Mead",2027-02-01,7093595.65,7075035.95,7230634.03
"110","Lake Mead",2027-03-01,6837471.07,6777910.77,7219124.1
"111","Lake Mead",2027-04-01,6411638.5,6302762.36,7010017.74
"112","Lake Mead",2027-05-01,5913961.76,5760288.29,6711647.46
"113","Lake Mead",2027-06-01,5558935.48,5363297.82,6610937.46
"114","Lake Mead",2027-07-01,5434959.92,5214013.95,6766688.85
"115","Lake Mead",2027-08-01,5451645.21,5211297.47,7052247.27
"116","Lake Mead",2027-09-01,5383470.49,5122768.9,7135479.29
"117","Lake Mead",2027-10-01,5387585.72,5104045.66,7135800.79
"118","Lake Mead",2027-11-01,5310315.52,5021070.24,7050943.02
"119","Lake Mead",2027-12-01,5400879.55,5108522.69,7137275.28
"120","Lake Mead",2028-01-01,5717976.12,5305106.78,7373521.39
"121","Lake Mead",2028-02-01,5929656.53,5462837.44,7531137.31
"122","Lake Mead",2028-03-01,5826532.72,5212971.74,7343486.28
"123","Lake Mead",2028-04-01,5544086.79,4781733.44,6966059.35
"124","Lake Mead",2028-05-01,5256120.14,4287573.88,6499813.33
"125","Lake Mead",2028-06-01,5036066.35,3960893.35,6183162.22
"126","Lake Mohave",2026-06-01,1758496.72,1758496.72,1758496.72
"127","Lake Mohave",2026-07-01,1745180,1745180,1731110
"128","Lake Mohave",2026-08-01,1731110,1731110,1731110
"129","Lake Mohave",2026-09-01,1675370,1675370,1675370
"130","Lake Mohave",2026-10-01,1487050,1487050,1487050
"131","Lake Mohave",2026-11-01,1539750,1539750,1539750
"132","Lake Mohave",2026-12-01,1661570,1661570,1661570
"133","Lake Mohave",2027-01-01,1725500,1725500,1725500
"134","Lake Mohave",2027-02-01,1725500,1725500,1725500
"135","Lake Mohave",2027-03-01,1759290,1759290,1759290
"136","Lake Mohave",2027-04-01,1759290,1759290,1759290
"137","Lake Mohave",2027-05-01,1759290,1759290,1759290
"138","Lake Mohave",2027-06-01,1759290,1759290,1759290
"139","Lake Mohave",2027-07-01,1731110,1731110,1731110
"140","Lake Mohave",2027-08-01,1731110,1731110,1731110
"141","Lake Mohave",2027-09-01,1675370,1675370,1675370
"142","Lake Mohave",2027-10-01,1487050,1487050,1487050
"143","Lake Mohave",2027-11-01,1539750,1539750,1539750
"144","Lake Mohave",2027-12-01,1661570,1661570,1661570
"145","Lake Mohave",2028-01-01,1725500,1725500,1725500
"146","Lake Mohave",2028-02-01,1725500,1725500,1725500
"147","Lake Mohave",2028-03-01,1759290,1759290,1759290
"148","Lake Mohave",2028-04-01,1759290,1759290,1759290
"149","Lake Mohave",2028-05-01,1759290,1759290,1759290
"150","Lake Mohave",2028-06-01,1759290,1759290,1759290
"151","Morrow Point Reservoir",2026-06-01,113145.55,113145.55,113145.55
"152","Morrow Point Reservoir",2026-07-01,112001.16,112001.16,112001.16
"153","Morrow Point Reservoir",2026-08-01,112001.16,112001.16,112001.16
"154","Morrow Point Reservoir",2026-09-01,111998.168,111998.168,111998.168
"155","Morrow Point Reservoir",2026-10-01,112001.16,112001.16,112001.16
"156","Morrow Point Reservoir",2026-11-01,112000.393,112000.393,112000.393
"157","Morrow Point Reservoir",2026-12-01,112001.16,112001.16,112001.16
"158","Morrow Point Reservoir",2027-01-01,112001.16,112001.16,112001.16
"159","Morrow Point Reservoir",2027-02-01,111999.012,111999.012,111999.012
"160","Morrow Point Reservoir",2027-03-01,112001.16,112001.16,112001.16
"161","Morrow Point Reservoir",2027-04-01,111998.756,111998.756,111998.756
"162","Morrow Point Reservoir",2027-05-01,112001.16,112001.16,112001.16
"163","Morrow Point Reservoir",2027-06-01,111996.89,111996.89,111996.89
"164","Morrow Point Reservoir",2027-07-01,112001.16,112001.16,112001.16
"165","Morrow Point Reservoir",2027-08-01,112001.16,112001.16,112001.16
"166","Morrow Point Reservoir",2027-09-01,111998.168,111998.168,111998.168
"167","Morrow Point Reservoir",2027-10-01,112001.16,112001.16,112001.16
"168","Morrow Point Reservoir",2027-11-01,112000.393,112000.393,112000.393
"169","Morrow Point Reservoir",2027-12-01,112001.16,112001.16,112001.16
"170","Morrow Point Reservoir",2028-01-01,112001.16,112001.16,112001.16
"171","Morrow Point Reservoir",2028-02-01,111999.728,111999.728,111999.728
"172","Morrow Point Reservoir",2028-03-01,112001.16,112001.16,112001.16
"173","Morrow Point Reservoir",2028-04-01,111998.756,111998.756,111998.756
"174","Morrow Point Reservoir",2028-05-01,112001.16,112001.16,112001.16
"175","Morrow Point Reservoir",2028-06-01,111996.89,111996.89,111996.89
"176","Navajo Reservoir",2026-06-01,969280.06,969280.06,969280.06
"177","Navajo Reservoir",2026-07-01,882170.289,878392.546,971092.596
"178","Navajo Reservoir",2026-08-01,817596.991,804057.883,918374.874
"179","Navajo Reservoir",2026-09-01,797468.162,754973.451,907832.336
"180","Navajo Reservoir",2026-10-01,789594.716,721512.844,924672.088
"181","Navajo Reservoir",2026-11-01,789066.94,702325.343,927558.509
"182","Navajo Reservoir",2026-12-01,785624.52,683178.857,925943.925
"183","Navajo Reservoir",2027-01-01,781192.951,662850.881,922426.185
"184","Navajo Reservoir",2027-02-01,780929.139,649012.549,930097.019
"185","Navajo Reservoir",2027-03-01,800049.088,641199.117,985270.475
"186","Navajo Reservoir",2027-04-01,847310.556,635938.398,1076003.44
"187","Navajo Reservoir",2027-05-01,953496.882,677784.578,1249848.69
"188","Navajo Reservoir",2027-06-01,997019.331,708188.061,1386559.29
"189","Navajo Reservoir",2027-07-01,962074.008,682519.836,1378067.85
"190","Navajo Reservoir",2027-08-01,933116.839,647540.17,1368320.68
"191","Navajo Reservoir",2027-09-01,923161.505,628038.843,1330050.93
"192","Navajo Reservoir",2027-10-01,931298.406,626030,1343550.27
"193","Navajo Reservoir",2027-11-01,933405.821,628648.82,1345220.72
"194","Navajo Reservoir",2027-12-01,931577.8,626030,1339746.56
"195","Navajo Reservoir",2028-01-01,928991.555,626030,1336548.29
"196","Navajo Reservoir",2028-02-01,934475.112,629844.925,1341401.12
"197","Navajo Reservoir",2028-03-01,981171.944,663960.542,1392795.51
"198","Navajo Reservoir",2028-04-01,1043367.17,700866.722,1473936.42
"199","Navajo Reservoir",2028-05-01,1163231.73,784745.762,1357105.41
"200","Navajo Reservoir",2028-06-01,1236068.68,804124.227,1229193.17
"201","Lake Powell",2026-06-01,5597439.68,5597439.68,5597439.68
"202","Lake Powell",2026-07-01,5389491.43,5395298.39,5317512.69
"203","Lake Powell",2026-08-01,5204590.18,5221724.35,5181673.68
"204","Lake Powell",2026-09-01,5049703.38,5090058.2,5109290.52
"205","Lake Powell",2026-10-01,4975894.48,4939931.82,5226185.43
"206","Lake Powell",2026-11-01,4851032.72,4721755.28,5232892.45
"207","Lake Powell",2026-12-01,4600477.23,4396516.44,5089880.99
"208","Lake Powell",2027-01-01,4277130.72,4010535.02,4901306.1
"209","Lake Powell",2027-02-01,4030282.51,3686614.45,4785860.79
"210","Lake Powell",2027-03-01,3831116.84,3385141.39,4532618.11
"211","Lake Powell",2027-04-01,3823092.39,3237059.34,4670976.41
"212","Lake Powell",2027-05-01,4618495.19,3388864.09,6004630.3
"213","Lake Powell",2027-06-01,5521445.23,3663756.5,7483878.49
"214","Lake Powell",2027-07-01,5494795.76,3416262.29,7648605.45
"215","Lake Powell",2027-08-01,5209721.41,2991262.62,7247193.77
"216","Lake Powell",2027-09-01,5082679.8,2696551.92,7135484.4
"217","Lake Powell",2027-10-01,5042233.52,2499006.26,7198881.19
"218","Lake Powell",2027-11-01,4965612.56,2346598.14,7211902.77
"219","Lake Powell",2027-12-01,4758216.4,2105776.24,7095230.8
"220","Lake Powell",2028-01-01,4362871.12,1789423.45,6855576.3
"221","Lake Powell",2028-02-01,4138082.43,1579548.75,6719412.84
"222","Lake Powell",2028-03-01,3925547.68,1459489.19,6607088.08
"223","Lake Powell",2028-04-01,3991261.57,1500973.68,6779177.56
"224","Lake Powell",2028-05-01,4842813.14,2120354.35,8181781.17
"225","Lake Powell",2028-06-01,6042012.24,2757981.33,9506434.73
"226","Taylor Park Reservoir",2026-06-01,65856.01,65856.01,65856.01
"227","Taylor Park Reservoir",2026-07-01,55160.017,55882.017,68413.42
"228","Taylor Park Reservoir",2026-08-01,49986.017,50720.017,61115.42
"229","Taylor Park Reservoir",2026-09-01,49979.017,50733.017,59677.42
"230","Taylor Park Reservoir",2026-10-01,50448.017,49228.017,60528.42
"231","Taylor Park Reservoir",2026-11-01,50413.017,48253.017,61065.42
"232","Taylor Park Reservoir",2026-12-01,50277.017,47179.017,61453.42
"233","Taylor Park Reservoir",2027-01-01,50141.017,46105.017,61841.42
"234","Taylor Park Reservoir",2027-02-01,49309.017,44328.017,61676.42
"235","Taylor Park Reservoir",2027-03-01,49173.017,43254.017,62064.42
"236","Taylor Park Reservoir",2027-04-01,50115.017,42791.017,60163.42
"237","Taylor Park Reservoir",2027-05-01,62892.017,50642.017,71717.42
"238","Taylor Park Reservoir",2027-06-01,83016.017,60741.017,100403.42
"239","Taylor Park Reservoir",2027-07-01,78570.017,55906.017,96734.42
"240","Taylor Park Reservoir",2027-08-01,72735.017,51683.017,84676.42
"241","Taylor Park Reservoir",2027-09-01,69809.017,51220.017,76312.42
"242","Taylor Park Reservoir",2027-10-01,71197.017,51608.017,75089.42
"243","Taylor Park Reservoir",2027-11-01,71139.017,52633.017,74139.42
"244","Taylor Park Reservoir",2027-12-01,69913.017,53559.017,71990.42
"245","Taylor Park Reservoir",2028-01-01,69855.017,54584.017,71040.42
"246","Taylor Park Reservoir",2028-02-01,68629.017,55510.017,68891.42
"247","Taylor Park Reservoir",2028-03-01,68571.017,56535.017,67941.42
"248","Taylor Park Reservoir",2028-04-01,67158.017,58585.017,66825.42
"249","Taylor Park Reservoir",2028-05-01,77786.017,72362.017,77453.42
"250","Taylor Park Reservoir",2028-06-01,99935.017,85486.017,96627.42
"251","Vallecito Reservoir",2026-06-01,87523.11,87523.11,87523.11
"252","Vallecito Reservoir",2026-07-01,52782.478,50288.1908,71133.8001
"253","Vallecito Reservoir",2026-08-01,21808.3035,16833.1986,44074.7718
"254","Vallecito Reservoir",2026-09-01,9596.7746,7852.71763,31594.6141
"255","Vallecito Reservoir",2026-10-01,9392.21866,8248.1262,32057.7518
"256","Vallecito Reservoir",2026-11-01,14937.7871,10840.0806,40568.209
"257","Vallecito Reservoir",2026-12-01,19475.2502,13383.7908,46080.2441
"258","Vallecito Reservoir",2027-01-01,23008.3434,14925.0554,51588.6604
"259","Vallecito Reservoir",2027-02-01,26568.9385,16497.5355,56119.1463
"260","Vallecito Reservoir",2027-03-01,32026.2751,18983.8421,66123.3023
"261","Vallecito Reservoir",2027-04-01,47400.1564,27417.0564,92340.3134
"262","Vallecito Reservoir",2027-05-01,75215.9919,30363.381,122710.163
"263","Vallecito Reservoir",2027-06-01,93004.1071,22389.684,122710.348
"264","Vallecito Reservoir",2027-07-01,69026.5481,7613.98127,113047.947
"265","Vallecito Reservoir",2027-08-01,42972.3971,7637.58624,94883.6875
"266","Vallecito Reservoir",2027-09-01,24509.5214,7099.07197,84283.4491
"267","Vallecito Reservoir",2027-10-01,18001.9884,7195.83488,82626.2161
"268","Vallecito Reservoir",2027-11-01,25532.3079,12745.0105,90530.4601
"269","Vallecito Reservoir",2027-12-01,32057.9424,18284.4401,94374.7355
"270","Vallecito Reservoir",2028-01-01,37577.7435,23817.8459,97218.1582
"271","Vallecito Reservoir",2028-02-01,42106.1202,28362.9303,99238.0565
"272","Vallecito Reservoir",2028-03-01,51525.178,35813.7308,100759.095
"273","Vallecito Reservoir",2028-04-01,73484.4833,55171.1809,100786.756
"274","Vallecito Reservoir",2028-05-01,109908.255,79753.9622,100822.904
"275","Vallecito Reservoir",2028-06-01,122596.134,76554.4684,99355.6352
